loi_numero;loi_titre;loi_promulgation;citee_dans_questions;numero_ordre;article;base_legale;objet;themes;concerne_animaux;decret;decret_date;decret_lien;date_prevue;statut;publication_annoncee;delai_jours;jours_depuis_promulgation;echeancier_mis_a_jour
2021-1539;LOI n° 2021-1539 du 30 novembre 2021 visant à lutter contre la maltraitance animale et conforter le lien entre les animaux et les hommes;2021-11-30;True;1;Article 1er, I, 1°;Article L. 211-10-1, code rural et de la pêche maritime;Modalités selon lesquelles tout détenteur d’un équidé atteste de sa connaissance des besoins spécifiques de l’espèce. Lorsque la détention d’un équidé ne relève pas d’une activité professionnelle, contenu et modalités de délivrance du certificat d’engagement et de connaissance des besoins spécifiques de l’espèce;Animaux de compagnie;True;Décret n° 2022-1012 du 18/07/2022;2022-07-18;https://www.legifrance.gouv.fr/jorf/id/JORFTEXT000046056772;;Décret publié;;230.0;;2023-07-20
2021-1539;LOI n° 2021-1539 du 30 novembre 2021 visant à lutter contre la maltraitance animale et conforter le lien entre les animaux et les hommes;2021-11-30;True;2;Article 1er, I, 3°;Article L. 214-8, V, code rural et de la pêche maritime;Contenu et modalités de délivrance du certificat d’engagement et de connaissance des besoins spécifiques de l’espèce que signe toute personne physique qui acquiert à titre onéreux ou gratuit un animal de compagnie;Animaux de compagnie;True;Décret n° 2022-1012 du 18/07/2022;2022-07-18;https://www.legifrance.gouv.fr/jorf/id/JORFTEXT000046056772;;Décret publié;;230.0;;2023-07-20
2021-1539;LOI n° 2021-1539 du 30 novembre 2021 visant à lutter contre la maltraitance animale et conforter le lien entre les animaux et les hommes;2021-11-30;True;3;Article 1er, I, 3°;Article L. 214-8, V, code rural et de la pêche maritime;Animaux de compagnie, autres que les chats et les chiens, concernés par le deuxième alinéa du V de l'article L. 214-8 du code rural et de la pêche maritime relatif à la délivrance d'un certificat d’engagement et de connaissance par le cessionnaire de l'animal;Animaux de compagnie;True;Décret n° 2022-1012 du 18/07/2022;2022-07-18;https://www.legifrance.gouv.fr/jorf/id/JORFTEXT000046056772;;Décret publié;;230.0;;2023-07-20
2021-1539;LOI n° 2021-1539 du 30 novembre 2021 visant à lutter contre la maltraitance animale et conforter le lien entre les animaux et les hommes;2021-11-30;True;4;Article 7, 1°;Article L. 211-24, code rural et de la pêche maritime;Conditions selon lesquelles, lorsqu’elle ne l’exerce pas en régie, la commune peut confier le service public de la fourrière à des fondations ou associations de protection des animaux disposant d’un refuge, sous forme de délégation de service public;Animaux de compagnie | Condition animale (général);True;Décret n° 2022-1354 du 24/10/2022;2022-10-24;https://www.legifrance.gouv.fr/jorf/id/JORFTEXT000046488798;;Décret publié;;328.0;;2023-07-20
2021-1539;LOI n° 2021-1539 du 30 novembre 2021 visant à lutter contre la maltraitance animale et conforter le lien entre les animaux et les hommes;2021-11-30;True;5;Article 7, 1°;Article L. 211-24, code rural et de la pêche maritime;Modalités de l'amende forfaitaire dont est passible le propriétaire d'animaux en cas de non-paiement des frais de garde de la fourrière;Animaux de compagnie;True;Décret n° 2022-1354 du 24/10/2022;2022-10-24;https://www.legifrance.gouv.fr/jorf/id/JORFTEXT000046488798;;Décret publié;;328.0;;2023-07-20
2021-1539;LOI n° 2021-1539 du 30 novembre 2021 visant à lutter contre la maltraitance animale et conforter le lien entre les animaux et les hommes;2021-11-30;True;6;Article 7, 1°;Article L. 211-24, code rural et de la pêche maritime;Modalités selon lesquelles le gestionnaire de la fourrière est tenu de suivre une formation relative au bien-être des chiens et des chats. Equivalences avec des formations comparables;Animaux de compagnie;True;Décret n° 2022-1179 du 24/08/2022;2022-08-24;https://www.legifrance.gouv.fr/jorf/id/JORFTEXT000046216822;;Décret publié;;267.0;;2023-07-20
2021-1539;LOI n° 2021-1539 du 30 novembre 2021 visant à lutter contre la maltraitance animale et conforter le lien entre les animaux et les hommes;2021-11-30;True;7;Article 9;Article L. 214-6-4, II, code rural et de la pêche maritime;Modalités d'application de l'article L. 214-6-4 du code rural et de la pêche maritime relatif à la transmission d'informations, par les personnes exerçant des activités mentionnées aux articles L. 214-6-1, L. 214-6-2 et L. 214-6-3 du même code, au fichier national mentionné à l’article L. 212-2. Nature des informations collectées. Conditions dans lesquelles la collecte des données et leur traitement peuvent être confiés à des personnes agréées par le ministre chargé de l’agriculture. Durée de conservation. Conditions de mise à jour des données enregistrées. Catégories de destinataires de ces données;Maltraitance et justice;True;Décret n° 2023-628 du 18/07/2023;2023-07-18;https://www.legifrance.gouv.fr/jorf/id/JORFTEXT000047862642;;Décret publié;;595.0;;2023-07-20
2021-1539;LOI n° 2021-1539 du 30 novembre 2021 visant à lutter contre la maltraitance animale et conforter le lien entre les animaux et les hommes;2021-11-30;True;8;Article 10, 2°;Article L. 214-6-6, 1°, code rural et de la pêche maritime;Informations essentielles comprises dans le contrat d’accueil de l’animal de compagnie signé par la famille d’accueil et tout refuge au sens de l’article L. 214-6-1 du code rural et de la pêche maritime ou toute association sans refuge au sens de l’article L. 214-6-5 du même code ayant recours au placement d’animaux de compagnie auprès de familles d’accueil au sens du V de l’article L. 214-6;Animaux de compagnie;True;Décret n° 2022-1012 du 18/07/2022;2022-07-18;https://www.legifrance.gouv.fr/jorf/id/JORFTEXT000046056772;;Décret publié;;230.0;;2023-07-20
2021-1539;LOI n° 2021-1539 du 30 novembre 2021 visant à lutter contre la maltraitance animale et conforter le lien entre les animaux et les hommes;2021-11-30;True;9;Article 10, 2°;Article L. 214-6-6, code rural et de la pêche maritime;Conditions d'application de l'article L. 214-6-6 du code rural et de la pêche maritime relatif aux démarches administratives prises en charge par tout refuge au sens de l’article L. 214-6-1 du code rural et de la pêche maritime ou toute association sans refuge au sens de l’article L. 214-6-5 du même code ayant recours au placement d’animaux de compagnie auprès de familles d’accueil au sens du V de l’article L. 214-6;Animaux de compagnie;True;Décret n° 2022-1012 du 18/07/2022;2022-07-18;https://www.legifrance.gouv.fr/jorf/id/JORFTEXT000046056772;;Décret publié;;230.0;;2023-07-20
2021-1539;LOI n° 2021-1539 du 30 novembre 2021 visant à lutter contre la maltraitance animale et conforter le lien entre les animaux et les hommes;2021-11-30;True;10;Article 14;Article L. 413-1 A, V, code de l'environnement;Modalités d'application de l'article L. 413-1 A du code de l'environnement relatif à la liste des animaux d’espèces non domestiques pouvant être détenus comme animaux de compagnie ou dans le cadre d’élevages d’agrément. Notion d’élevage d’agrément au sens du I du même article;Animaux de compagnie;True;Publication envisagée en décembre 2022;;;;Publication annoncée, date dépassée à la mise à jour de l'échéancier;2022-12-31;;1760.0;2023-07-20
2021-1539;LOI n° 2021-1539 du 30 novembre 2021 visant à lutter contre la maltraitance animale et conforter le lien entre les animaux et les hommes;2021-11-30;True;11;Article 18;Article L. 214-8, VI, code rural et de la pêche maritime;Modalités de mise en œuvre des obligations prévues au VI de l'article L. 214-8 du code rural et de la pêche maritime en cas d'offre de cession en ligne d’animaux de compagnie;;True;Décret n° 2022-1012 du 18/07/2022;2022-07-18;https://www.legifrance.gouv.fr/jorf/id/JORFTEXT000046056772;;Décret publié;;230.0;;2023-07-20
2021-1539;LOI n° 2021-1539 du 30 novembre 2021 visant à lutter contre la maltraitance animale et conforter le lien entre les animaux et les hommes;2021-11-30;True;12;Article 19;Article L. 214-8-1, code rural et de la pêche maritime;Modalités de contrôle des informations d’identification des animaux;;True;Décret n° 2022-1012 du 18/07/2022;2022-07-18;https://www.legifrance.gouv.fr/jorf/id/JORFTEXT000046056772;;Décret publié;;230.0;;2023-07-20
2021-1539;LOI n° 2021-1539 du 30 novembre 2021 visant à lutter contre la maltraitance animale et conforter le lien entre les animaux et les hommes;2021-11-30;True;13;Article 46;Article L. 413-10, IV, code de l'environnement;Conditions dans lesquelles le ministre chargé de la protection de la nature peut déroger aux interdictions prévues à compter de leur entrée en vigueur, lorsqu’il n’existe pas de capacités d’accueil favorables à la satisfaction de leur bien-être pour les animaux visés par les interdictions prévues aux I et II de l'article L. 413-10 du code de l'environnement;;True;Mesure avec entrée en vigueur différée deux ans après la promulgation de la loi soit le 29 novembre 2023. Publication envisagée en novembre 2023;;;;Publication annoncée;2023-11-29;;1760.0;2023-07-20
2021-1539;LOI n° 2021-1539 du 30 novembre 2021 visant à lutter contre la maltraitance animale et conforter le lien entre les animaux et les hommes;2021-11-30;True;14;Article 46;Article L. 413-11, code de l'environnement;Modalités d'application de l'article L. 413-11 du code de l'environnement relatif aux règles applicables aux établissements de spectacles fixes présentant au public des animaux vivants d’espèces non domestiques;Animaux d'élevage | Captivité et spectacle;True;La mesure est déjà appliquée par voie d'arrêté;;;;Appliquée par un texte existant;;;;2023-07-20
2018-938;LOI n° 2018-938 du 30 octobre 2018 pour l'équilibre des relations commerciales dans le secteur agricole et alimentaire et une alimentation saine, durable et accessible à tous;2018-10-30;True;1;Article 1er, I, 3°;Article L631-24-2, I, code rural et de la pêche maritime;En l'absence d'accord interprofessionnel étendu, la conclusion de contrats de vente et accords-cadres écrits mentionnés à l’article L. 631-24 peut être rendue obligatoire par décret.;;False;Décret n° 2020-960 du 31/07/2020;2020-07-31;https://www.legifrance.gouv.fr/jorf/id/JORFTEXT000042185526;;Décret publié;;640.0;;2023-01-17
2018-938;LOI n° 2018-938 du 30 octobre 2018 pour l'équilibre des relations commerciales dans le secteur agricole et alimentaire et une alimentation saine, durable et accessible à tous;2018-10-30;True;2;Article 1er, I, 3°;Article L631-24-2, III, code rural et de la pêche maritime;Produits considérés comme relevant de la même production pour l’application de l'article L631-24-2.;;False;Mesure déjà appliquée par le décret n° 2016-1373 du 12/10/2016;;;;Appliquée par un texte existant;;;;2023-01-17
2018-938;LOI n° 2018-938 du 30 octobre 2018 pour l'équilibre des relations commerciales dans le secteur agricole et alimentaire et une alimentation saine, durable et accessible à tous;2018-10-30;True;3;Article 3, 1°;Article L631-24-2, III, code rural et de la pêche maritime;Agents chargés de constater les manquements mentionnés à l’article L. 631-25.;;False;Décret n° 2019-143 du 26/02/2019;2019-02-26;https://www.legifrance.gouv.fr/jorf/id/JORFTEXT000038175875;;Décret publié;;119.0;;2023-01-17
2018-938;LOI n° 2018-938 du 30 octobre 2018 pour l'équilibre des relations commerciales dans le secteur agricole et alimentaire et une alimentation saine, durable et accessible à tous;2018-10-30;True;4;Article 24;Article L230-5-1, code rural et de la pêche maritime;Modalités d'application de l'article L230-5-1 fixant des seuils de produits de qualité dans les repas servis par les restaurants collectifs dont les personnes morales de droit public ont la charge.;;False;Décret n° 2019-351 du 23/04/2019;2019-04-23;https://www.legifrance.gouv.fr/jorf/id/JORFTEXT000038403867;;Décret publié;;175.0;;2023-01-17
2018-938;LOI n° 2018-938 du 30 octobre 2018 pour l'équilibre des relations commerciales dans le secteur agricole et alimentaire et une alimentation saine, durable et accessible à tous;2018-10-30;True;5;Article 24;Article L230-5-5, code rural et de la pêche maritime;Composition et modalités de fonctionnement du comité régional pour l'alimentation, présidé par le représentant de l'Etat dans la région.;;False;Décret n° 2019-313 du 12/04/2019;2019-04-12;https://www.legifrance.gouv.fr/jorf/id/JORFTEXT000038369766;;Décret publié;;164.0;;2023-01-17
2018-938;LOI n° 2018-938 du 30 octobre 2018 pour l'équilibre des relations commerciales dans le secteur agricole et alimentaire et une alimentation saine, durable et accessible à tous;2018-10-30;True;6;Article 26;;Modalités d'application et de suivi de l'expérimentation, pour une durée de trois à compter de la promulgation de la présente loi, permettant à l’État d'autoriser les collectivités territoriales qui le demandent à rendre obligatoire l’affichage de la composition des menus dans les services de restauration collective dont elles ont la charge.;;False;Décret n° 2019-325 du 15/04/2019;2019-04-15;https://www.legifrance.gouv.fr/jorf/id/JORFTEXT000038376746;;Décret publié;;167.0;;2023-01-17
2018-938;LOI n° 2018-938 du 30 octobre 2018 pour l'équilibre des relations commerciales dans le secteur agricole et alimentaire et une alimentation saine, durable et accessible à tous;2018-10-30;True;7;Article 48;;Conditions dans lesquelles, au plus tard le 1er janvier 2030, les signes d’identification de la qualité et de l’origine mentionnés au 1° de l’article L. 640-2 du code rural et de la pêche maritime intègrent dans leurs cahiers des charges les dispositions pour que les exploitations concernées répondent aux exigences prévues pour faire l’objet de la certification prévue à l’article L. 611-6 du même code (haute valeur environnementale).;;False;Publication envisagée fin 2019;;;;Publication annoncée, date dépassée à la mise à jour de l'échéancier;2019-12-31;;2887.0;2023-01-17
2018-938;LOI n° 2018-938 du 30 octobre 2018 pour l'équilibre des relations commerciales dans le secteur agricole et alimentaire et une alimentation saine, durable et accessible à tous;2018-10-30;True;8;Article 50;Article L201-7, code rural et de la pêche maritime;Autorité administrative devant immédiatement être informée lorsqu'un propriétaire ou détenteur de denrées alimentaires ou d'aliments pour animaux soumis aux prescriptions prévues à l'article L. 231-1 pense qu'une denrée alimentaire ou un aliment pour animaux présente ou est susceptible de présenter un risque pour la santé humaine ou animale.;;False;Mesure déjà appliquée par l'article D. 201-7 du code rural et de la pêche maritime;;;;Appliquée par un texte existant;;;;2023-01-17
2018-938;LOI n° 2018-938 du 30 octobre 2018 pour l'équilibre des relations commerciales dans le secteur agricole et alimentaire et une alimentation saine, durable et accessible à tous;2018-10-30;True;9;Article 51;Article L423-3, code de la consommation;Obligation de déclaration dématérialisée sur un site internet unique des produits rappelés.;;False;Décret n° 2019-307 du 11/04/2019;2019-04-11;https://www.legifrance.gouv.fr/jorf/id/JORFTEXT000038369601;;Décret publié;;163.0;;2023-01-17
2018-938;LOI n° 2018-938 du 30 octobre 2018 pour l'équilibre des relations commerciales dans le secteur agricole et alimentaire et une alimentation saine, durable et accessible à tous;2018-10-30;True;10;Article 51, I, 2°;Article L452-5, code de la consommation;Création d'une contravention de 5ème classe pour le non respect par les distributeurs des mesures de retrait d'appel.;;False;Décret n° 2019-307 du 11/04/2019;2019-04-11;https://www.legifrance.gouv.fr/jorf/id/JORFTEXT000038369601;;Décret publié;;163.0;;2023-01-17
2018-938;LOI n° 2018-938 du 30 octobre 2018 pour l'équilibre des relations commerciales dans le secteur agricole et alimentaire et une alimentation saine, durable et accessible à tous;2018-10-30;True;11;Article 52;Article L202-3, code rural et de la pêche maritime;Analyses d'autocontrôles réalisées par les laboratoires dans le secteur alimentaire, le secteur des sous-produits animaux ou le secteur de l’alimentation animale et conditions de mise en œuvre.;;False;Décret n° 2019-332 du 17/04/2019;2019-04-17;https://www.legifrance.gouv.fr/jorf/id/JORFTEXT000038386987;;Décret publié;;169.0;;2023-01-17
2018-938;LOI n° 2018-938 du 30 octobre 2018 pour l'équilibre des relations commerciales dans le secteur agricole et alimentaire et une alimentation saine, durable et accessible à tous;2018-10-30;True;12;Article 54;Article L230-3, code rural et de la pêche maritime;Modalités de fonctionnement et composition de l'observatoire de l’alimentation.;;False;Mesure déjà appliquée par les articles D. 230-1 à D. 230-7 du code rural et de la pêche maritime;;;;Appliquée par un texte existant;;;;2023-01-17
2018-938;LOI n° 2018-938 du 30 octobre 2018 pour l'équilibre des relations commerciales dans le secteur agricole et alimentaire et une alimentation saine, durable et accessible à tous;2018-10-30;True;13;Article 57;Article L201-3, code rural et de la pêche maritime;Conditions dans lesquelles la collecte des données d'ordre épidémiologique concernant les dangers sanitaires de première, et éventuellement de deuxième catégorie, et leur traitement peuvent être confiés à des personnes agréées par le ministère chargé de l’agriculture.;;False;Décret n° 2019-378 du 26/04/2019;2019-04-26;https://www.legifrance.gouv.fr/jorf/id/JORFTEXT000038424949;;Décret publié;;178.0;;2023-01-17
2018-938;LOI n° 2018-938 du 30 octobre 2018 pour l'équilibre des relations commerciales dans le secteur agricole et alimentaire et une alimentation saine, durable et accessible à tous;2018-10-30;True;14;Article 61;Article L266-2, code de l'action sociale et des familles;Durée, conditions et modalités selon lesquelles l'autorité administrative habilite des personnes morales de droit public ou des personnes morales de droit privé à recevoir des contributions publiques destinées à la mise en œuvre de l’aide alimentaire, ainsi que sanctions applicables en cas de manquement aux conditions de l'habilitation.;;False;Décret n° 2019-703 du 4/07/2019;2019-07-04;https://www.legifrance.gouv.fr/jorf/id/JORFTEXT000038726118;;Décret publié;;247.0;;2023-01-17
2018-938;LOI n° 2018-938 du 30 octobre 2018 pour l'équilibre des relations commerciales dans le secteur agricole et alimentaire et une alimentation saine, durable et accessible à tous;2018-10-30;True;15;Article 61;Article L266-2, code de l'action sociale et des familles;Modalités de collecte et de transmission à l’autorité administrative, par les personnes morales habilitées, des données portant sur leur activité, sur les denrées distribuées et, une fois rendues anonymes, sur les bénéficiaires de l’aide alimentaire.;;False;Décret n° 2019-703 du 4/07/2019;2019-07-04;https://www.legifrance.gouv.fr/jorf/id/JORFTEXT000038726118;;Décret publié;;247.0;;2023-01-17
2018-938;LOI n° 2018-938 du 30 octobre 2018 pour l'équilibre des relations commerciales dans le secteur agricole et alimentaire et une alimentation saine, durable et accessible à tous;2018-10-30;True;16;Article 63;Article L541-15-6, code de l'environnement;Conditions dans lesquelles les commerces de détail s’assurent de la qualité du don lors de la cession à titre gratuit de denrées alimentaires à des associations.;;False;Décret n° 2019-302 du 11/04/2019;2019-04-11;https://www.legifrance.gouv.fr/jorf/id/JORFTEXT000038365401;;Décret publié;;163.0;;2023-01-17
2018-938;LOI n° 2018-938 du 30 octobre 2018 pour l'équilibre des relations commerciales dans le secteur agricole et alimentaire et une alimentation saine, durable et accessible à tous;2018-10-30;True;17;Article 68;Article L. 214-11, code rural et de la pêche maritime;Modalités d'application de l'interdiction, à compter de l’entrée en vigueur de la présente loi, de la mise en production de tout bâtiment nouveau ou réaménagé d’élevage de poules pondeuses élevées en cages.;Animaux d'élevage;True;Décret n° 2021-1647 du 14/12/2021;2021-12-14;https://www.legifrance.gouv.fr/jorf/id/JORFTEXT000044489018;;Décret publié;;1141.0;;2023-01-17
2018-938;LOI n° 2018-938 du 30 octobre 2018 pour l'équilibre des relations commerciales dans le secteur agricole et alimentaire et une alimentation saine, durable et accessible à tous;2018-10-30;True;18;Article 71;;Catégories d'établissements concernés par l'expérimentation, sur la base du volontariat, du contrôle par vidéo des postes de saignée et de mise à mort, procédés de mise en œuvre de ce contrôle vidéo, modalités de recueil de l’avis conforme du comité social et économique ou, à défaut, des institutions représentatives du personnel, les modalités de maintenance, d’utilisation ainsi que les règles d’archivage et de mise à disposition et de recueil des données collectées par les enregistrements vidéo aux fins d’éventuels contrôles administratifs.;;False;Décret n° 2019-379 du 26/04/2019;2019-04-26;https://www.legifrance.gouv.fr/jorf/id/JORFTEXT000038424957;;Décret publié;;178.0;;2023-01-17
2018-938;LOI n° 2018-938 du 30 octobre 2018 pour l'équilibre des relations commerciales dans le secteur agricole et alimentaire et une alimentation saine, durable et accessible à tous;2018-10-30;True;19;Article 73;;Modalités d'application de l'expérimentation, pour une durée de quatre ans à compter de la publication du décret, des dispositifs d'abattoirs mobiles.;Animaux d'élevage;True;Décret n° 2019-324 du 15/04/2019;2019-04-15;https://www.legifrance.gouv.fr/jorf/id/JORFTEXT000038376735;;Décret publié;;167.0;;2023-01-17
2018-938;LOI n° 2018-938 du 30 octobre 2018 pour l'équilibre des relations commerciales dans le secteur agricole et alimentaire et une alimentation saine, durable et accessible à tous;2018-10-30;True;20;Article 76;Article L522-5-2, code de l'environnement;Catégories de produits biocides ne pouvant être cédés directement en libre-service à des utilisateurs non professionnels, en fonction des risques pour la santé humaine et pour l’environnement.;;False;Décret n° 2019-1052 du 14/10/2019;2019-10-14;https://www.legifrance.gouv.fr/jorf/id/JORFTEXT000039223395;;Décret publié;;349.0;;2023-01-17
2018-938;LOI n° 2018-938 du 30 octobre 2018 pour l'équilibre des relations commerciales dans le secteur agricole et alimentaire et une alimentation saine, durable et accessible à tous;2018-10-30;True;21;Article 76;Article L522-5-3, code de l'environnement;Catégories de produits biocides pour lesquels toute publicité commerciale est interdite, sauf lorsqu'elle est destinée aux utilisateurs professionnels, dans les points de distribution et dans les publications qui leur sont destinées, et conditions dans lesquelles les insertions publicitaires sont présentées.;;False;Décret n° 2019-643 du 26/06/2019;2019-06-26;https://www.legifrance.gouv.fr/jorf/id/JORFTEXT000038689038;;Décret publié;;239.0;;2023-01-17
2018-938;LOI n° 2018-938 du 30 octobre 2018 pour l'équilibre des relations commerciales dans le secteur agricole et alimentaire et une alimentation saine, durable et accessible à tous;2018-10-30;True;22;Article 76;Article L522-18, code de l'environnement;Catégories de produits biocides concernés par l'interdiction des remises, des rabais, des ristournes, de la différenciation des conditions générales et particulières de vente au sens du I de l’article L. 441-6 du code de commerce ou de la remise d’unités gratuites et toutes pratiques équivalentes.;;False;Décret n° 2019-642 du 26/06/2019;2019-06-26;https://www.legifrance.gouv.fr/jorf/id/JORFTEXT000038689025;;Décret publié;;239.0;;2023-01-17
2018-938;LOI n° 2018-938 du 30 octobre 2018 pour l'équilibre des relations commerciales dans le secteur agricole et alimentaire et une alimentation saine, durable et accessible à tous;2018-10-30;True;23;Article 77;Article L253-1, code rural et de la pêche maritime;Modalités de la procédure et de l'évaluation simplifiées autorisant les substances naturelles à usage biostimulant.;;False;Décret n° 2019-329 du 16/04/2019;2019-04-16;https://www.legifrance.gouv.fr/jorf/id/JORFTEXT000038383366;;Décret publié;;168.0;;2023-01-17
2018-938;LOI n° 2018-938 du 30 octobre 2018 pour l'équilibre des relations commerciales dans le secteur agricole et alimentaire et une alimentation saine, durable et accessible à tous;2018-10-30;True;24;Article 79;Article L253-5, code rural et de la pêche maritime;Modalités de la procédure et de l'évaluation simplifiées autorisant les substances naturelles à usage biostimulant.;;False;Décret n° 2019-321 du 12/04/2019;2019-04-12;https://www.legifrance.gouv.fr/jorf/id/JORFTEXT000038371133;;Décret publié;;164.0;;2023-01-17
2018-938;LOI n° 2018-938 du 30 octobre 2018 pour l'équilibre des relations commerciales dans le secteur agricole et alimentaire et une alimentation saine, durable et accessible à tous;2018-10-30;True;25;Article 80;Article L253-6, code rural et de la pêche maritime;Composition de l'instance de concertation et de suivi chargée d'arrêter le plan d'action national pour une utilisation durable des produits phytopharmaceutiques.;;False;Décret n° 2019-649 du 27/06/2019;2019-06-27;https://www.legifrance.gouv.fr/jorf/id/JORFTEXT000038695707;;Décret publié;;240.0;;2023-01-17
2018-938;LOI n° 2018-938 du 30 octobre 2018 pour l'équilibre des relations commerciales dans le secteur agricole et alimentaire et une alimentation saine, durable et accessible à tous;2018-10-30;True;26;Article 83, I, 1°, a);Article L253-8, code rural et de la pêche maritime;Modalités d'application de l'interdiction de l'utilisation de produits phytopharmaceutiques contenant une ou des substances actives présentant des modes d’action identiques à ceux de la famille des néonicotinoïdes et des semences traitées avec ces produits.;;False;Décret n° 2019-1519 du 30/12/2019;2019-12-30;https://www.legifrance.gouv.fr/jorf/id/JORFTEXT000039698538;;Décret publié;;426.0;;2023-01-17
2018-938;LOI n° 2018-938 du 30 octobre 2018 pour l'équilibre des relations commerciales dans le secteur agricole et alimentaire et une alimentation saine, durable et accessible à tous;2018-10-30;True;27;Article 83, I, 2°;Article L253-8, code rural et de la pêche maritime;Modalités d'application des mesures de protection contre l'utilisation des produits phytopharmaceutiques à proximité des zones attenantes aux bâtiments habités et aux parties non bâties à usage d’agrément contiguës à ces bâtiments.;;False;Décret n° 2019-1500 du 27/12/2019;2019-12-27;https://www.legifrance.gouv.fr/jorf/id/JORFTEXT000039685895;;Décret publié;;423.0;;2023-01-17
2018-938;LOI n° 2018-938 du 30 octobre 2018 pour l'équilibre des relations commerciales dans le secteur agricole et alimentaire et une alimentation saine, durable et accessible à tous;2018-10-30;True;28;Article 94, III, 3°;Article L453-9, code de l'énergie;Conditions et limites dans lesquelles les gestionnaires des réseaux de gaz naturel effectuent les renforcements nécessaires pour permettre l’injection dans le réseau du biogaz produit, afin de s'assurer de la pertinence technico-économique des investissements.;;False;Décret n° 2019-665 du 28/06/2019;2019-06-28;https://www.legifrance.gouv.fr/jorf/id/JORFTEXT000038702420;;Décret publié;;241.0;;2023-01-17
2018-938;LOI n° 2018-938 du 30 octobre 2018 pour l'équilibre des relations commerciales dans le secteur agricole et alimentaire et une alimentation saine, durable et accessible à tous;2018-10-30;True;29;Article 98, 1°;Article L271-5-1, code rural et de la pêche maritime;Adaptation des seuils prévus au I de l’article L. 230-5-1 en Guadeloupe, en Guyane, à la Martinique, à La Réunion ou à Mayotte.;;False;Décret n° 2021-1235 du 25/09/2021;2021-09-25;https://www.legifrance.gouv.fr/jorf/id/JORFTEXT000044099642;;Décret publié;;1061.0;;2023-01-17
2018-938;LOI n° 2018-938 du 30 octobre 2018 pour l'équilibre des relations commerciales dans le secteur agricole et alimentaire et une alimentation saine, durable et accessible à tous;2018-10-30;True;30;Article 98, 2°;Article L272-9-1, code rural et de la pêche maritime;Adaptation des seuils prévus au I de l’article L. 230-5-1 à Saint-Barthélemy.;;False;Publication éventuelle envisagée en mars 2019;;;;Publication annoncée, date dépassée à la mise à jour de l'échéancier;2019-03-31;;2887.0;2023-01-17
2018-938;LOI n° 2018-938 du 30 octobre 2018 pour l'équilibre des relations commerciales dans le secteur agricole et alimentaire et une alimentation saine, durable et accessible à tous;2018-10-30;True;31;Article 98, 3°;Article L273-5-1, code rural et de la pêche maritime;Adaptation des seuils prévus au I de l’article L. 230-5-1 à Saint-Martin.;;False;Décret n° 2021-1235 du 25/09/2021;2021-09-25;https://www.legifrance.gouv.fr/jorf/id/JORFTEXT000044099642;;Décret publié;;1061.0;;2023-01-17
2018-938;LOI n° 2018-938 du 30 octobre 2018 pour l'équilibre des relations commerciales dans le secteur agricole et alimentaire et une alimentation saine, durable et accessible à tous;2018-10-30;True;32;Article 98, 4°;Article L274-8-1, code rural et de la pêche maritime;Adaptation des seuils prévus au I de l’article L. 230-5-1 à Saint-Pierre-et-Miquelon.;;False;Décret n° 2021-1235 du 25/09/2021;2021-09-25;https://www.legifrance.gouv.fr/jorf/id/JORFTEXT000044099642;;Décret publié;;1061.0;;2023-01-17
2019-773;LOI n° 2019-773 du 24 juillet 2019 portant création de l'Office français de la biodiversité, modifiant les missions des fédérations des chasseurs et renforçant la police de l'environnement;2019-07-24;False;1;Article 1er, I, 3°;Article L131-9, III, code de l'environnement;Modalités de création des agences régionales de la biodiversité.;Faune sauvage;True;Décret n° 2019-1580 du 31/12/2019;2019-12-31;https://www.legifrance.gouv.fr/jorf/id/JORFTEXT000039726400;;Décret publié;;160.0;;2022-11-15
2019-773;LOI n° 2019-773 du 24 juillet 2019 portant création de l'Office français de la biodiversité, modifiant les missions des fédérations des chasseurs et renforçant la police de l'environnement;2019-07-24;False;2;Article 1er, I, 3°;Article L131-10, code de l'environnement;Conditions dans lesquelles le commissaire du Gouvernement, appartenant au premier collège du conseil d'administration (CA) de l'Office français de la biodiversité et désigné par les ministres chargés de l'environnement et de agriculture, peut demander l’inscription d’un point à l’ordre du jour du CA, provoquer la convocation d’un CA extraordinaire ou s’opposer à une décision du CA et solliciter une nouvelle délibération.;Faune sauvage;True;Décret n° 2019-1580 du 31/12/2019;2019-12-31;https://www.legifrance.gouv.fr/jorf/id/JORFTEXT000039726400;;Décret publié;;160.0;;2022-11-15
2019-773;LOI n° 2019-773 du 24 juillet 2019 portant création de l'Office français de la biodiversité, modifiant les missions des fédérations des chasseurs et renforçant la police de l'environnement;2019-07-24;False;3;Article 1er, I, 3°;Article L131-10, code de l'environnement;Composition et fonctionnement du conseil d'administration de l'Office français de la biodiversité.;Faune sauvage;True;Décret n° 2019-1580 du 31/12/2019;2019-12-31;https://www.legifrance.gouv.fr/jorf/id/JORFTEXT000039726400;;Décret publié;;160.0;;2022-11-15
2019-773;LOI n° 2019-773 du 24 juillet 2019 portant création de l'Office français de la biodiversité, modifiant les missions des fédérations des chasseurs et renforçant la police de l'environnement;2019-07-24;False;4;Article 1er, I, 3°;Article L131-11, code de l'environnement;Conditions selon lesquelles le conseil d'administration peut déléguer certaines de ses attributions aux conseils de gestion des espaces protégés placés sous la responsabilité de l’Office français de la biodiversité.;Faune sauvage;True;Décret n° 2019-1580 du 31/12/2019;2019-12-31;https://www.legifrance.gouv.fr/jorf/id/JORFTEXT000039726400;;Décret publié;;160.0;;2022-11-15
2019-773;LOI n° 2019-773 du 24 juillet 2019 portant création de l'Office français de la biodiversité, modifiant les missions des fédérations des chasseurs et renforçant la police de l'environnement;2019-07-24;False;5;Article 1er, I, 3°;Article L131-11, code de l'environnement;Conditions selon lesquelles le conseil d'administration peut constituer en son sein des commissions spécialisées et leur déléguer certaines de ses attributions.;;True;Décret n° 2019-1580 du 31/12/2019;2019-12-31;https://www.legifrance.gouv.fr/jorf/id/JORFTEXT000039726400;;Décret publié;;160.0;;2022-11-15
2019-773;LOI n° 2019-773 du 24 juillet 2019 portant création de l'Office français de la biodiversité, modifiant les missions des fédérations des chasseurs et renforçant la police de l'environnement;2019-07-24;False;6;Article 1er, I, 3°;Article L131-11-1, code de l'environnement;Composition du conseil scientifique, placé auprès du conseil d'administration de l'Office français de la biodiversité.;Faune sauvage;True;Décret n° 2019-1580 du 31/12/2019;2019-12-31;https://www.legifrance.gouv.fr/jorf/id/JORFTEXT000039726400;;Décret publié;;160.0;;2022-11-15
2019-773;LOI n° 2019-773 du 24 juillet 2019 portant création de l'Office français de la biodiversité, modifiant les missions des fédérations des chasseurs et renforçant la police de l'environnement;2019-07-24;False;7;Article 2, 3°;Article L334-1, III, code de l'environnement;Définition de la procédure au terme de laquelle sont identifiées d’autres catégories d’aires marines protégées.;;True;Mesure déjà appliquée par l’article R. 334-2 du code de l’environnement;;;;Appliquée par un texte existant;;;;2022-11-15
2019-773;LOI n° 2019-773 du 24 juillet 2019 portant création de l'Office français de la biodiversité, modifiant les missions des fédérations des chasseurs et renforçant la police de l'environnement;2019-07-24;False;8;Article 3, 4°;Article L414-10, code de l'environnement;Missions d’intérêt général confiées par l’État aux conservatoires botaniques nationaux.;;True;Décret n° 2021-762 du 14/06/2021;2021-06-14;https://www.legifrance.gouv.fr/jorf/id/JORFTEXT000043664706;;Décret publié;;691.0;;2022-11-15
2019-773;LOI n° 2019-773 du 24 juillet 2019 portant création de l'Office français de la biodiversité, modifiant les missions des fédérations des chasseurs et renforçant la police de l'environnement;2019-07-24;False;9;Article 12, 1°, e);Article L423-25-6, code de l'environnement;Modalités d'application de l'article L423-25-6 du code de l'environnement relatif à la suspension du permis de chasser ou de l'autorisation de chasser ou à l'interdiction de leur délivrance.;Chasse et pêche de loisir;True;Décret n° 2020-87 du 5/02/2020;2020-02-05;https://www.legifrance.gouv.fr/jorf/id/JORFTEXT000041535426;;Décret publié;;196.0;;2022-11-15
2019-773;LOI n° 2019-773 du 24 juillet 2019 portant création de l'Office français de la biodiversité, modifiant les missions des fédérations des chasseurs et renforçant la police de l'environnement;2019-07-24;False;10;Article 13, I, 2°;Article L421-5, code de l'environnement;Montant de la contribution des fédérations départementales des chasseurs au fonds dédié à la protection et à la reconquête de la biodiversité qui ne peut être inférieur à 5 € par adhérent ayant validé un permis de chasser dans l'année.;Chasse et pêche de loisir | Faune sauvage;True;Décret n° 2020-92 du 6/02/2020;2020-02-06;https://www.legifrance.gouv.fr/jorf/id/JORFTEXT000041539523;;Décret publié;;197.0;;2022-11-15
2019-773;LOI n° 2019-773 du 24 juillet 2019 portant création de l'Office français de la biodiversité, modifiant les missions des fédérations des chasseurs et renforçant la police de l'environnement;2019-07-24;False;11;Article 13, I, 11°;Article L421-14, code de l'environnement;Conditions dans lesquelles la Fédération nationale des chasseurs apporte aux fédérations départementales des chasseurs une aide financière dont le montant est fixé en fonction décroissante de leur nombre d’adhérents.;Chasse et pêche de loisir;True;Décret n° 2020-92 du 6/02/2020;2020-02-06;https://www.legifrance.gouv.fr/jorf/id/JORFTEXT000041539523;;Décret publié;;197.0;;2022-11-15
2019-773;LOI n° 2019-773 du 24 juillet 2019 portant création de l'Office français de la biodiversité, modifiant les missions des fédérations des chasseurs et renforçant la police de l'environnement;2019-07-24;False;12;Article 13, I, 11°;Article L421-14, code de l'environnement;Nombre d'adhérents au-delà duquel l'aide financière apporté au fédérations départementales des chasseurs n'est pas attribuée.;Chasse et pêche de loisir;True;Décret n° 2020-1761 du 29/12/2020;2020-12-29;https://www.legifrance.gouv.fr/jorf/id/JORFTEXT000042837894;;Décret publié;;524.0;;2022-11-15
2019-773;LOI n° 2019-773 du 24 juillet 2019 portant création de l'Office français de la biodiversité, modifiant les missions des fédérations des chasseurs et renforçant la police de l'environnement;2019-07-24;False;13;Article 13, I, 13°, 14°, 15°, 27°;Article L422-3 et L425-8, code de l'environnement;Modalités de transfert de l'agrément des associations communales et intercommunales de chasses agréées du préfet aux présidents de la fédération départementale des chasseurs et des plans de chasse individuels (avis CDFS vers avis acteurs).;Chasse et pêche de loisir;True;Décret n° 2019-1432 du 23/12/2019;2019-12-23;https://www.legifrance.gouv.fr/jorf/id/JORFTEXT000039666953;;Décret publié;;152.0;;2022-11-15
2019-773;LOI n° 2019-773 du 24 juillet 2019 portant création de l'Office français de la biodiversité, modifiant les missions des fédérations des chasseurs et renforçant la police de l'environnement;2019-07-24;False;14;Article 13, I, 20°;Article L. 423-2, code de l'environnement;FDC validation permis, délivrance autorisation chasse accompagnée, apport concours examen permis Autorisation de chasser par FDC/FIC;Chasse et pêche de loisir;True;Décret n° 2020-87 du 5/02/2020;2020-02-05;https://www.legifrance.gouv.fr/jorf/id/JORFTEXT000041535426;;Décret publié;;196.0;;2022-11-15
2019-773;LOI n° 2019-773 du 24 juillet 2019 portant création de l'Office français de la biodiversité, modifiant les missions des fédérations des chasseurs et renforçant la police de l'environnement;2019-07-24;False;15;Article 13, I, 21°;Article L423-4, II, code de l'environnement;Modalités de constitution et de mise à jour du fichier national du permis de chasser et conditions dans lesquelles les inspecteurs de l’environnement affectés à l’Office français de la biodiversité et les agents de développement commissionnés et assermentés des fédérations départementales des chasseurs consultent le fichier dans le cadre de leurs missions de police de la chasse.;Chasse et pêche de loisir | Faune sauvage | Maltraitance et justice;True;Publication envisagée en janvier 2020 avec effet au 1/01/2020;;;;Publication annoncée, date dépassée à la mise à jour de l'échéancier;2020-01-01;;2620.0;2022-11-15
2019-773;LOI n° 2019-773 du 24 juillet 2019 portant création de l'Office français de la biodiversité, modifiant les missions des fédérations des chasseurs et renforçant la police de l'environnement;2019-07-24;False;16;Article 13, I, 22° et 23°;Article L. 424-3, I, et L. 424-8, code de l'environnement;Conditions dans lesquelles le terrain clos pour l'exercice de la chasse fait l'objet d’un plan de gestion annuel contrôlé par la fédération départementale des chasseurs et garantissant la prévention de la diffusion des dangers sanitaires entre les espèces de gibier, les animaux domestiques et l’homme, ainsi que la préservation de la biodiversité et des continuités écologiques. Contrôle et marquage sangliers établissements professionnels.;Animaux de compagnie | Chasse et pêche de loisir | Faune sauvage;True;Décret n° 2022-1337 du 19/10/2022;2022-10-19;https://www.legifrance.gouv.fr/jorf/id/JORFTEXT000046447055;;Décret publié;;1183.0;;2022-11-15
2019-773;LOI n° 2019-773 du 24 juillet 2019 portant création de l'Office français de la biodiversité, modifiant les missions des fédérations des chasseurs et renforçant la police de l'environnement;2019-07-24;False;17;Article 13, I, 26°;Article L425-5, code de l'environnement;Conditions de mise en œuvre de l'interdiction nourrissage du sanglier, et de l'autorisation d'agrainage dissuasif.;Faune sauvage;True;Publication envisagée le 15/01/2020;;;;Publication annoncée, date dépassée à la mise à jour de l'échéancier;2020-01-15;;2620.0;2022-11-15
2019-773;LOI n° 2019-773 du 24 juillet 2019 portant création de l'Office français de la biodiversité, modifiant les missions des fédérations des chasseurs et renforçant la police de l'environnement;2019-07-24;False;18;Article 13, I, 29°;Article L425-16, code de l'environnement;Liste des espèces soumises à gestion adaptative.;;True;Décret n° 2020-1092 du 27/08/2020;2020-08-27;https://www.legifrance.gouv.fr/jorf/id/JORFTEXT000042271589;;Décret publié;;400.0;;2022-11-15
2019-773;LOI n° 2019-773 du 24 juillet 2019 portant création de l'Office français de la biodiversité, modifiant les missions des fédérations des chasseurs et renforçant la police de l'environnement;2019-07-24;False;19;Article 13, I, 29°;Article L425-20, code de l'environnement;Modalités d’application de la section 6 du chapitre V du titre II du livre IV du code de l'environnement relative à la gestion adaptative des espèces, y compris la nature des informations enregistrées et la durée de leur conservation.;;True;Décret n° 2020-1091 du 27/08/2020;2020-08-27;https://www.legifrance.gouv.fr/jorf/id/JORFTEXT000042271575;;Décret publié;;400.0;;2022-11-15
2019-773;LOI n° 2019-773 du 24 juillet 2019 portant création de l'Office français de la biodiversité, modifiant les missions des fédérations des chasseurs et renforçant la police de l'environnement;2019-07-24;False;20;Article 13, I, 30°;Article L426-5, code de l’environnement;Obligation participation à l’hectare et suppression cotisation et timbre grand gibier.;Chasse et pêche de loisir;True;Décret n° 2020-92 du 6/02/2020;2020-02-06;https://www.legifrance.gouv.fr/jorf/id/JORFTEXT000041539523;;Décret publié;;197.0;;2022-11-15
2019-773;LOI n° 2019-773 du 24 juillet 2019 portant création de l'Office français de la biodiversité, modifiant les missions des fédérations des chasseurs et renforçant la police de l'environnement;2019-07-24;False;21;Article 14;Article L424-2, code de l'environnement;Conditions aux dérogations pour la chasse des oiseaux.;Chasse et pêche de loisir | Faune sauvage;True;Décret n° 2020-612 du 19/05/2020;2020-05-19;https://www.legifrance.gouv.fr/jorf/id/JORFTEXT000041903634;;Décret publié;;300.0;;2022-11-15
2019-773;LOI n° 2019-773 du 24 juillet 2019 portant création de l'Office français de la biodiversité, modifiant les missions des fédérations des chasseurs et renforçant la police de l'environnement;2019-07-24;False;22;Article 19;;Modalités d'application de l'article 19 de la loi relatif à l'élection des représentant du personnel au conseil d'administration de l'Office français de la biodiversité.;Faune sauvage;True;Décret n° 2019-1580 du 31/12/2019;2019-12-31;https://www.legifrance.gouv.fr/jorf/id/JORFTEXT000039726400;;Décret publié;;160.0;;2022-11-15
2019-773;LOI n° 2019-773 du 24 juillet 2019 portant création de l'Office français de la biodiversité, modifiant les missions des fédérations des chasseurs et renforçant la police de l'environnement;2019-07-24;False;23;Article 20;;Modalités d'application de l'article 20 de la loi relatif à la représentation des personnels au sein du comité technique et du comité d'hygiène, de sécurité et des conditions de travail de l'Office français de la biodiversité.;Faune sauvage;True;Décret n° 2019-1580 du 31/12/2019;2019-12-31;https://www.legifrance.gouv.fr/jorf/id/JORFTEXT000039726400;;Décret publié;;160.0;;2022-11-15
2016-1087;LOI n° 2016-1087 du 8 août 2016 pour la reconquête de la biodiversité, de la nature et des paysages;2016-08-08;True;1;Article 7, 2°;Article L411-1, A, I, code de l'environnement;Modalités de saisie ou de versement des données brutes de biodiversité;Faune sauvage | Maltraitance et justice;True;Décret n° 2016-1619 du 29/11/2016;2016-11-29;https://www.legifrance.gouv.fr/jorf/id/JORFTEXT000033500786;;Décret publié;;113.0;;2017-08-08
2016-1087;LOI n° 2016-1087 du 8 août 2016 pour la reconquête de la biodiversité, de la nature et des paysages;2016-08-08;True;2;Article 7, 2°;Article L411-1, A, IV, code de l'environnement;Conditions dans lesquelles la diffusion des données brutes contenues dans les inventaires peut être restreinte pour des motifs de protection de l'environnement;;False;Décret n° 2016-1619 du 29/11/2016;2016-11-29;https://www.legifrance.gouv.fr/jorf/id/JORFTEXT000033500786;;Décret publié;;113.0;;2017-08-08
2016-1087;LOI n° 2016-1087 du 8 août 2016 pour la reconquête de la biodiversité, de la nature et des paysages;2016-08-08;True;3;Article 14;Article L134-1, code de l'environnement;Champ de la compétence consultative du comité national de la biodiversité ainsi que sa composition et modalités de son fonctionnement notamment la répartition des sexes des personnes désignées par chacune des instances et autorités compétentes et les modalités d'ajustement nécessaires pour respecter la règle de la représentation équilibrée;Faune sauvage;True;Décret n° 2017-339 du 15/03/2017;2017-03-15;https://www.legifrance.gouv.fr/jorf/id/JORFTEXT000034203247;;Décret publié;;219.0;;2017-08-08
2016-1087;LOI n° 2016-1087 du 8 août 2016 pour la reconquête de la biodiversité, de la nature et des paysages;2016-08-08;True;4;Article 14;Article L134-2, code de l'environnement;Compétences, modalités de fonctionnement et composition du Conseil national de la protection de la nature;;False;Décret n° 2017-342 du 17/03/2017;2017-03-17;https://www.legifrance.gouv.fr/jorf/id/JORFTEXT000034207858;;Décret publié;;221.0;;2017-08-08
2016-1087;LOI n° 2016-1087 du 8 août 2016 pour la reconquête de la biodiversité, de la nature et des paysages;2016-08-08;True;5;Article 20;Article L131-1, code de l'environnement;Services et moyens mis en commun entre les établissements publics de l’État;;False;Décret n° 2017-65 du 24/01/2017;2017-01-24;https://www.legifrance.gouv.fr/jorf/id/JORFTEXT000033922563;;Décret publié;;169.0;;2017-08-08
2016-1087;LOI n° 2016-1087 du 8 août 2016 pour la reconquête de la biodiversité, de la nature et des paysages;2016-08-08;True;6;Article 21;Article L131-17, code de l'environnement;Mise en œuvre des dispositions relatives à l'Agence France pour la biodiversité;Faune sauvage;True;Décret n° 2016-1842 du 26/12/2016;2016-12-26;https://www.legifrance.gouv.fr/jorf/id/JORFTEXT000033691496;;Décret publié;;140.0;;2017-08-08
2016-1087;LOI n° 2016-1087 du 8 août 2016 pour la reconquête de la biodiversité, de la nature et des paysages;2016-08-08;True;7;Article 26;;Dispositions régissant les agents contractuels de droit public des établissements mentionnés aux articles L. 131-8, L. 322-1, L. 331-1 et L. 421-1 du code de l'environnement qui occupent en cette qualité des fonctions qui correspondent à un besoin permanent;;False;Décret n° 2016-1697 du 12/12/2016;2016-12-12;https://www.legifrance.gouv.fr/jorf/id/JORFTEXT000033584784;;Décret publié;;126.0;;2017-08-08
2016-1087;LOI n° 2016-1087 du 8 août 2016 pour la reconquête de la biodiversité, de la nature et des paysages;2016-08-08;True;7;Article 26;;Dispositions régissant les agents contractuels de droit public des établissements mentionnés aux articles L. 131-8, L. 322-1, L. 331-1 et L. 421-1 du code de l'environnement qui occupent en cette qualité des fonctions qui correspondent à un besoin permanent;;False;Décret n° 2016-1698 du 12/12/2016;2016-12-12;https://www.legifrance.gouv.fr/jorf/id/JORFTEXT000033584916;;Décret publié;;126.0;;2017-08-08
2016-1087;LOI n° 2016-1087 du 8 août 2016 pour la reconquête de la biodiversité, de la nature et des paysages;2016-08-08;True;7;Article 26;;Dispositions régissant les agents contractuels de droit public des établissements mentionnés aux articles L. 131-8, L. 322-1, L. 331-1 et L. 421-1 du code de l'environnement qui occupent en cette qualité des fonctions qui correspondent à un besoin permanent;;False;Décret n° 2016-1699 du 12/12/2016;2016-12-12;https://www.legifrance.gouv.fr/jorf/id/JORFTEXT000033584958;;Décret publié;;126.0;;2017-08-08
2016-1087;LOI n° 2016-1087 du 8 août 2016 pour la reconquête de la biodiversité, de la nature et des paysages;2016-08-08;True;8;Article 28;;Dispositions transitoires relatives aux représentants du personnel au comité technique de l'Agence française pour la biodiversité;Faune sauvage;True;Décret n° 2016-1842 du 26/12/2016;2016-12-26;https://www.legifrance.gouv.fr/jorf/id/JORFTEXT000033691496;;Décret publié;;140.0;;2017-08-08
2016-1087;LOI n° 2016-1087 du 8 août 2016 pour la reconquête de la biodiversité, de la nature et des paysages;2016-08-08;True;9;Article 37, 4°;Article L412-10, code de l'environnement;Désignation dans chaque collectivité où est présente une communauté d'habitants définie au 4° de l'article L. 412-3, d'une personne morale de droit public chargée d'organiser la consultation de la ou des communautés d'habitants détentrices de connaissances traditionnelles associées aux ressources génétiques;;False;Décret n° 2017-848 du 9/05/2017;2017-05-09;https://www.legifrance.gouv.fr/jorf/id/JORFTEXT000034630780;;Décret publié;;274.0;;2017-08-08
2016-1087;LOI n° 2016-1087 du 8 août 2016 pour la reconquête de la biodiversité, de la nature et des paysages;2016-08-08;True;10;Article 37, 4°;Article L412-16, code de l'environnement;Définition de la procédure de déclaration annuelle simplifiée pour les détenteurs de collections scientifiques;;False;Décret n° 2017-848 du 9/05/2017;2017-05-09;https://www.legifrance.gouv.fr/jorf/id/JORFTEXT000034630780;;Décret publié;;274.0;;2017-08-08
2016-1087;LOI n° 2016-1087 du 8 août 2016 pour la reconquête de la biodiversité, de la nature et des paysages;2016-08-08;True;11;Article 37, 4°;Article L412-18, II code de l'environnement;Désignation de la ou des autorités compétentes chargées de l'application du règlement (UE) n° 511/2014 du Parlement européen et du Conseil du 16 avril 2014 relatif aux mesures concernant le respect par les utilisateurs dans l'Union du protocole de Nagoya sur l'accès aux ressources génétiques et le partage juste et équitable des avantages découlant de leur utilisation, en particulier des fonctions décrites aux articles 5, 7, 9 à 13 de ce règlement, ainsi qu'aux articles 3 à 7 du règlement d'exécution (UE) 2015/1866 de la Commission du 13 octobre 2015 portant modalités d'application du règlement (UE) n° 511/2014 du Parlement européen et du Conseil en ce qui concerne le registre des collections, la surveillance du respect des règles par l'utilisateur et les bonnes pratiques;;False;Décret n° 2017-848 du 9/05/2017;2017-05-09;https://www.legifrance.gouv.fr/jorf/id/JORFTEXT000034630780;;Décret publié;;274.0;;2017-08-08
2016-1087;LOI n° 2016-1087 du 8 août 2016 pour la reconquête de la biodiversité, de la nature et des paysages;2016-08-08;True;12;Article 37, 4°;Article L412-19, code de l'environnement;"Conditions d'application des dispositions relatives à l'accès aux ressources génétiques et aux connaissances traditionnelles associées, ainsi qu""au partage des avantages découlant de leur utilisation";;False;Décret n° 2017-848 du 9/05/2017;2017-05-09;https://www.legifrance.gouv.fr/jorf/id/JORFTEXT000034630780;;Décret publié;;274.0;;2017-08-08
2016-1087;LOI n° 2016-1087 du 8 août 2016 pour la reconquête de la biodiversité, de la nature et des paysages;2016-08-08;True;13;Article 42, I, 3°;Article L1413-8, code de la santé publique, 3°;Détermination des conditions de conservation et de mise à disposition des ressources biologiques collectées par les laboratoires chargés de la surveillance microbiologique et ainsi que des conditions de partage des avantages liés à l’utilisation des ressources génétiques qui en sont issues;;False;Publication envisagée en décembre 2016;;;;Publication annoncée, date dépassée à la mise à jour de l'échéancier;2016-12-31;;3700.0;2017-08-08
2016-1087;LOI n° 2016-1087 du 8 août 2016 pour la reconquête de la biodiversité, de la nature et des paysages;2016-08-08;True;14;Article 50;Article L333-4, code de l'environnement;Conditions de consultation de la Fédération des parcs naturels régionaux de France dans le cadre des procédures de classement ou de renouvellement de classement des parcs naturels régionaux;;False;Décret n° 2017-1156 du 10/07/2017;2017-07-10;https://www.legifrance.gouv.fr/jorf/id/JORFTEXT000035168256;;Décret publié;;336.0;;2017-08-08
2016-1087;LOI n° 2016-1087 du 8 août 2016 pour la reconquête de la biodiversité, de la nature et des paysages;2016-08-08;True;15;Article 69;Article L163-3, code de l'environnement;Modalités de délivrance de l'agrément préalable de l'Etat des sites naturels de compensation;;False;Décret n° 2017-264 du 28/02/2017;2017-02-28;https://www.legifrance.gouv.fr/jorf/id/JORFTEXT000034111861;;Décret publié;;204.0;;2017-08-08
2016-1087;LOI n° 2016-1087 du 8 août 2016 pour la reconquête de la biodiversité, de la nature et des paysages;2016-08-08;True;15;Article 69;Article L163-3, code de l'environnement;Modalités de délivrance de l'agrément préalable de l’État des sites naturels de compensation;;False;Décret n° 2017-265 du 28/02/2017;2017-02-28;https://www.legifrance.gouv.fr/jorf/id/JORFTEXT000034111878;;Décret publié;;204.0;;2017-08-08
2016-1087;LOI n° 2016-1087 du 8 août 2016 pour la reconquête de la biodiversité, de la nature et des paysages;2016-08-08;True;16;Article 74, I, 2°;Article L411-2, II, code de l’environnement;Conditions d'intervention de l'autorité administrative lorsque l’évolution des habitats d’une espèce protégée au titre de l’article L. 411-1 est de nature à compromettre le maintien dans un état de conservation favorable d’une population de cette espèce;Faune sauvage;True;Décret n° 2017-176 du 13/02/2017;2017-02-13;https://www.legifrance.gouv.fr/jorf/id/JORFTEXT000034035272;;Décret publié;;189.0;;2017-08-08
2016-1087;LOI n° 2016-1087 du 8 août 2016 pour la reconquête de la biodiversité, de la nature et des paysages;2016-08-08;True;17;Article 95, I, 6°;Article 16, loi n° 76-655 du 16 juillet 1976 relative à la zone économique et à la zone de protection écologique au large des côtes du territoire de la République;Désignation de l'autorité administrative chargée d'agréer le tracé des pipelines sur le plateau continental, ainsi que celui des câbles installés ou utilisés dans le cadre de l'exploration du plateau continental ou de l'exploitation de ses ressources;;False;Décret n° 2017-781 du 5/05/2017;2017-05-05;https://www.legifrance.gouv.fr/jorf/id/JORFTEXT000034600618;;Décret publié;;270.0;;2017-08-08
2016-1087;LOI n° 2016-1087 du 8 août 2016 pour la reconquête de la biodiversité, de la nature et des paysages;2016-08-08;True;18;Article 95, II;Article L132-15-1, II, code minier;Modalités de calcul, de répartition, d'affectation et d'utilisation du produit de la redevance calculée sur la production des gisements en mer situés sur le plateau continental ou dans la zone économique exclusive, payée par les titulaires de concessions autres que celles de mines d'hydrocarbures liquides ou gazeux;;False;Décret n° 2017-32 du 12/01/2017;2017-01-12;https://www.legifrance.gouv.fr/jorf/id/JORFTEXT000033865925;;Décret publié;;157.0;;2017-08-08
2016-1087;LOI n° 2016-1087 du 8 août 2016 pour la reconquête de la biodiversité, de la nature et des paysages;2016-08-08;True;19;Article 98, II;Article L924-6, code rural et de la pêche maritime;Modalités d'application des dispositions relatives aux zones de conservation halieutiques;;False;Décret n° 2017-568 du 19/04/2017;2017-04-19;https://www.legifrance.gouv.fr/jorf/id/JORFTEXT000034449686;;Décret publié;;254.0;;2017-08-08
2016-1087;LOI n° 2016-1087 du 8 août 2016 pour la reconquête de la biodiversité, de la nature et des paysages;2016-08-08;True;20;Article 100, I, 2°, b;Article L942-2 3°, code rural et de la pêche maritime;Dispositions relatives à la recherche et constation des infractions par les gardes jurés et les prud'hommes pêcheurs assermentés, notamment les modalités d'obtention de l'agrément, conditions dans lesquelles celui-ci peut être suspendu ou retiré, conditions d'assermentation des gardes jurés, les principaux éléments de leur tenue vestimentaire ainsi que les conditions d'exercice de leurs missions;;False;Décret n° 2017-243 du 27/02/2017;2017-02-27;https://www.legifrance.gouv.fr/jorf/id/JORFTEXT000034096740;;Décret publié;;203.0;;2017-08-08
2016-1087;LOI n° 2016-1087 du 8 août 2016 pour la reconquête de la biodiversité, de la nature et des paysages;2016-08-08;True;21;Article 106, I;Article L334-2-2, 3°, code de l'environnement;Conditions d'exonération de l'obligation d'équipement du dispositif de partages des positions visant à éviter les collisions avec les cétacés;Faune sauvage;True;Décret n° 2017-300 du 8/03/2017;2017-03-08;https://www.legifrance.gouv.fr/jorf/id/JORFTEXT000034159881;;Décret publié;;212.0;;2017-08-08
2016-1087;LOI n° 2016-1087 du 8 août 2016 pour la reconquête de la biodiversité, de la nature et des paysages;2016-08-08;True;22;Article 114, I;Article 1395 B bis, code général des impôts;Modalités de l'engagement souscrit pour les parcelles lui appartenant inscrites sur la liste dressée par le maire pour bénéficier de l'exonération de taxe foncière sur les propriétés non bâties;;False;Décret n° 2017-698 du 2/05/2017;2017-05-02;https://www.legifrance.gouv.fr/jorf/id/JORFTEXT000034566359;;Décret publié;;267.0;;2017-08-08
2016-1087;LOI n° 2016-1087 du 8 août 2016 pour la reconquête de la biodiversité, de la nature et des paysages;2016-08-08;True;23;Article 123, I, 1°;Article L219-5, code de l'environnement;Contenu du document stratégique et modalités de son élaboration, de son adoption et de ses modifications et révisions pour les façades maritimes métropolitaines et pour les bassins maritimes ultramarins;Animaux de compagnie;True;Décret n° 2017-724 du 3/05/2017;2017-05-03;https://www.legifrance.gouv.fr/jorf/id/JORFTEXT000034579398;;Décret publié;;268.0;;2017-08-08
2016-1087;LOI n° 2016-1087 du 8 août 2016 pour la reconquête de la biodiversité, de la nature et des paysages;2016-08-08;True;24;Article 123, I, 2°;Article L219-5-1, code de l'environnement;Modalités de mise en œuvre de la planification de l'espace maritime et du document stratégique de façade;;False;Décret n° 2017-724 du 3/05/2017;2017-05-03;https://www.legifrance.gouv.fr/jorf/id/JORFTEXT000034579398;;Décret publié;;268.0;;2017-08-08
2016-1087;LOI n° 2016-1087 du 8 août 2016 pour la reconquête de la biodiversité, de la nature et des paysages;2016-08-08;True;25;Article 123, I, 3°;Article L219-6, code de l'environnement;Composition et fonctionnement du conseil maritime ultramarin créé à l'échelle de chaque bassin maritime;;False;Décret n° 2017-724 du 3/05/2017;2017-05-03;https://www.legifrance.gouv.fr/jorf/id/JORFTEXT000034579398;;Décret publié;;268.0;;2017-08-08
2016-1087;LOI n° 2016-1087 du 8 août 2016 pour la reconquête de la biodiversité, de la nature et des paysages;2016-08-08;True;26;Article 126, 2°;Article L5241-4-6, code de l’environnement;Procédure d’expulsion des navires en cas d’absence de certificat d’inventaire lié au recyclage ou au système antisalissure;;False;Décret n° 2017-422 du 28/03/2017;2017-03-28;https://www.legifrance.gouv.fr/jorf/id/JORFTEXT000034307240;;Décret publié;;232.0;;2017-08-08
2016-1087;LOI n° 2016-1087 du 8 août 2016 pour la reconquête de la biodiversité, de la nature et des paysages;2016-08-08;True;27;Article 149, I, 2°, b;Article L411-10, code de l'environnement;Conditions d’application des dispositions relatives à la lutte contre certaines espèces animales et végétales introduite;;False;Décret n° 2017-595 du 21/04/2017;2017-04-21;https://www.legifrance.gouv.fr/jorf/id/JORFTEXT000034455279;;Décret publié;;256.0;;2017-08-08
2016-1087;LOI n° 2016-1087 du 8 août 2016 pour la reconquête de la biodiversité, de la nature et des paysages;2016-08-08;True;28;Article 154, I, 3°;Article L413-6, II, code de l'environnement;Modalités d’application du suivi statistique et administratif des animaux non domestiques détenus en captivité : les conditions dans lesquelles la collecte des données et leur traitement peuvent être confiés à des personnes agréées par les ministres chargés de l’environnement et de l’agriculture, leur durée de conservation, les conditions de leur mise à jour et les catégories de destinataires de ces données;Captivité et spectacle;True;Décret n° 2017-230 du 23/02/2017;2017-02-23;https://www.legifrance.gouv.fr/jorf/id/JORFTEXT000034080266;;Décret publié;;199.0;;2017-08-08
2016-1087;LOI n° 2016-1087 du 8 août 2016 pour la reconquête de la biodiversité, de la nature et des paysages;2016-08-08;True;29;Article 164, I, 9°;Article L322-10-1, I, code de l'environnement;Commissionnement et assermentation des gardes du littoral pour rechercher et constater les infractions;;False;Décret n° 2017-1170 du 17/07/2017;2017-07-17;https://www.legifrance.gouv.fr/jorf/id/JORFTEXT000035221138;;Décret publié;;343.0;;2017-08-08
2016-1087;LOI n° 2016-1087 du 8 août 2016 pour la reconquête de la biodiversité, de la nature et des paysages;2016-08-08;True;30;Article 167, II;Article L341-6, code forestier;Conditions auxquelles est subordonnée l'autorisation de défrichement prévue à l'article L. 341-6 du code forestier;;False;Publication envisagée en janvier 2017;;;;Publication annoncée, date dépassée à la mise à jour de l'échéancier;2017-01-31;;3700.0;2017-08-08
2016-1087;LOI n° 2016-1087 du 8 août 2016 pour la reconquête de la biodiversité, de la nature et des paysages;2016-08-08;True;31;Article 174;;Modalités relatives au titre de « paysagistes concepteurs »;;False;Décret n° 2017-673 du 28/04/2017;2017-04-28;https://www.legifrance.gouv.fr/jorf/id/JORFTEXT000034517176;;Décret publié;;263.0;;2017-08-08
2015-177;LOI n° 2015-177 du 16 février 2015 relative à la modernisation et à la simplification du droit et des procédures dans les domaines de la justice et des affaires intérieures;2015-02-16;True;1;Article 13, I, 3°;Article 6, loi du 24 mai 1872 portant réorganisation du Conseil d’État;Examen d'une affaire en formation élargie du Tribunal des conflits dans les cas où, après une seconde délibération, les membres du tribunal n'ont pu se départager.;;False;Décret n° 2015-233 du 27/02/2015;2015-02-27;https://www.legifrance.gouv.fr/jorf/id/JORFTEXT000030296346;;Décret publié;;11.0;;2017-03-06
2015-177;LOI n° 2015-177 du 16 février 2015 relative à la modernisation et à la simplification du droit et des procédures dans les domaines de la justice et des affaires intérieures;2015-02-16;True;2;Article 13, I, 3°;Article 10, loi du 24 mai 1872 portant réorganisation du Conseil d’État;Cas dans lesquels le président du Tribunal des conflits, conjointement avec le membre le plus ancien appartenant à l'autre ordre de juridiction, peut statuer par voie d'ordonnance lorsque la solution de la question soumise s'impose avec évidence.;;False;Décret n° 2015-233 du 27/02/2015;2015-02-27;https://www.legifrance.gouv.fr/jorf/id/JORFTEXT000030296346;;Décret publié;;11.0;;2017-03-06
2015-177;LOI n° 2015-177 du 16 février 2015 relative à la modernisation et à la simplification du droit et des procédures dans les domaines de la justice et des affaires intérieures;2015-02-16;True;3;Article 13, I, 3°;Article 12, loi du 24 mai 1872 portant réorganisation du Conseil d’État;Règlement du conflit d'attribution entre les deux ordres de juridiction par le Tribunal des conflits.;;False;Décret n° 2015-233 du 27/02/2015;2015-02-27;https://www.legifrance.gouv.fr/jorf/id/JORFTEXT000030296346;;Décret publié;;11.0;;2017-03-06
2015-177;LOI n° 2015-177 du 16 février 2015 relative à la modernisation et à la simplification du droit et des procédures dans les domaines de la justice et des affaires intérieures;2015-02-16;True;4;Article 13, III;Loi du 24 mai 1872 portant réorganisation du Conseil d’État;Date d'entrée en vigueur des dispositions relatives au tribunal des conflits (I et II de l'article 13);;False;Décret n° 2015-233 du 27/02/2015;2015-02-27;https://www.legifrance.gouv.fr/jorf/id/JORFTEXT000030296346;;Décret publié;;11.0;;2017-03-06
2015-177;LOI n° 2015-177 du 16 février 2015 relative à la modernisation et à la simplification du droit et des procédures dans les domaines de la justice et des affaires intérieures;2015-02-16;True;5;Article 15, I, 1°, a;Article L421-11, code de l'éducation;Suppression de la transmission obligatoire des actes budgétaires des établissements publics locaux d'enseignement (EPLE) aux préfets.;;False;Décret n° 2015-749 du 24/06/2015;2015-06-24;https://www.legifrance.gouv.fr/jorf/id/JORFTEXT000030784940;;Décret publié;;128.0;;2017-03-06
2015-177;LOI n° 2015-177 du 16 février 2015 relative à la modernisation et à la simplification du droit et des procédures dans les domaines de la justice et des affaires intérieures;2015-02-16;True;6;Article 15, V, 2°;Article L331-8-1, code du sport.;Déclaration auprès du maire de la commune des manifestations sportives ne comportant pas la participation de véhicules à moteur à l'intérieur du territoire d'une seule commune.;;False;"La base légale a été modifiée par l'ordonnance n° 2015-1682 du 17/12/2015, art 17 ; le décret d'application sera un décret d'application de cette ordonnance et non plus de la loi n° 2015-177.";;;;Sans objet;;;;2017-03-06
2015-177;LOI n° 2015-177 du 16 février 2015 relative à la modernisation et à la simplification du droit et des procédures dans les domaines de la justice et des affaires intérieures;2015-02-16;True;7;Article 15, VIII, 2°;Article L911-4, code de l'éducation;Engagement de la responsabilité de l'Etat devant les juridictions judiciaires pour le contentieux des accidents scolaires.;;False;Décret n° 2015-1355 du 26/10/2015;2015-10-26;https://www.legifrance.gouv.fr/jorf/id/JORFTEXT000031388724;;Décret publié;;252.0;;2017-03-06
2015-177;LOI n° 2015-177 du 16 février 2015 relative à la modernisation et à la simplification du droit et des procédures dans les domaines de la justice et des affaires intérieures;2015-02-16;True;8;Article 16, 1°;Article L212-2, code de la route, 3°;Modification des conditions de diplôme ou de formation pour enseigner, à titre onéreux la conduite des véhicules à moteur d'une catégorie donnée et la sécurité routière.;;False;Décret n° 2016-381 du 30/03/2016;2016-03-30;https://www.legifrance.gouv.fr/jorf/id/JORFTEXT000032320311;;Décret publié;;408.0;;2017-03-06
2015-177;LOI n° 2015-177 du 16 février 2015 relative à la modernisation et à la simplification du droit et des procédures dans les domaines de la justice et des affaires intérieures;2015-02-16;True;9;Article 16, 2°;Article L213-1, code de la route;Modalités de fixation de la proportion maximale des personnes en cours de formation pour enseigner la conduite des véhicules à moteur au regard de l’effectif total des enseignants de la conduite et de la sécurité routière de l’entreprise.;;False;Décret n° 2016-381 du 30/03/2016;2016-03-30;https://www.legifrance.gouv.fr/jorf/id/JORFTEXT000032320311;;Décret publié;;408.0;;2017-03-06
2015-177;LOI n° 2015-177 du 16 février 2015 relative à la modernisation et à la simplification du droit et des procédures dans les domaines de la justice et des affaires intérieures;2015-02-16;True;10;Article 22;Article 32, loi 98-468 du 17 juin 1998 relative à la prévention et à la répression des infractions sexuelles ainsi qu'à la protection des mineurs;Ajout de la condition d'âge à la signalétique des documents qui présentent un risque pour la jeunesse en raison de la place faite au crime, à la violence, à l'incitation, à l'usage à la détention de stupéfiants.;;False;Décret n° 2015-1251 du 7/10/2015;2015-10-07;https://www.legifrance.gouv.fr/jorf/id/JORFTEXT000031285652;;Décret publié;;233.0;;2017-03-06
2015-177;LOI n° 2015-177 du 16 février 2015 relative à la modernisation et à la simplification du droit et des procédures dans les domaines de la justice et des affaires intérieures;2015-02-16;True;11;Article 23, 2°;Article L552-9-1, code de l'organisation judiciaire;Conditions de désignation et attributions du commissaire du Gouvernement de la Polynésie français au sein du tribunal foncier.;;False;Article 111, loi n° 2017-256 du 28/02/2017 : les deux derniers alinéas de l'article L552-9-1 du code de l'organisation judiciaire sont supprimés. Un décret d'application n'est donc pas nécessaire.;;;;Sans objet;;;;2017-03-06
2008-1545;Loi n° 2008-1545 du 31 décembre 2008 pour l'amélioration et la simplification du droit de la chasse;2008-12-31;True;;Article 3;Article L 425-3-1, code de l'environnement;Sanction des infractions aux dispositions du schéma départemental de gestion cynégétique;Chasse et pêche de loisir;True;Décret n° 2010-707 du 29/06/2010;2010-06-29;https://www.legifrance.gouv.fr/jorf/id/JORFTEXT000022406435;;Décret publié;;545.0;;2010-07-01
2005-157;LOI n° 2005-157 du 23 février 2005 relative au développement des territoires ruraux;2005-02-23;True;;Article 1;;;;False;Décret n° 2005-1424 du 17/11/2005;2005-11-17;https://www.legifrance.gouv.fr/jorf/id/JORFTEXT000000263724;;Décret publié;;267.0;;
2005-157;LOI n° 2005-157 du 23 février 2005 relative au développement des territoires ruraux;2005-02-23;True;;Article 2;;;;False;Décret n° 2005-1435 du 21/11/2005;2005-11-21;https://www.legifrance.gouv.fr/jorf/id/JORFTEXT000000265115;;Décret publié;;271.0;;
2005-157;LOI n° 2005-157 du 23 février 2005 relative au développement des territoires ruraux;2005-02-23;True;;Article 6;;;;False;Décret n° 2007-94 du 24/01/2007;2007-01-24;https://www.legifrance.gouv.fr/jorf/id/JORFTEXT000000613573;;Décret publié;;700.0;;
2005-157;LOI n° 2005-157 du 23 février 2005 relative au développement des territoires ruraux;2005-02-23;True;;Article 18;Code général des impôts, art 217 quaterdecies;;;False;Décret n° 2005-465 du 6/05/2005;2005-05-06;https://www.legifrance.gouv.fr/jorf/id/JORFTEXT000000629804;;Décret publié;;72.0;;
2005-157;LOI n° 2005-157 du 23 février 2005 relative au développement des territoires ruraux;2005-02-23;True;;Article 20<br/>Réductions d'impôt pour les personnes investissant dans les résidences de tourisme;;;;False;Décret n° 2006-820 du 7/07/2006;2006-07-07;https://www.legifrance.gouv.fr/jorf/id/JORFTEXT000000640324;;Décret publié;;499.0;;
2005-157;LOI n° 2005-157 du 23 février 2005 relative au développement des territoires ruraux;2005-02-23;True;;Article 20<br/>Réductions d'impôt pour les personnes investissant dans les résidences de tourisme;;;;False;Décret n° 2007-19 du 5/01/2007;2007-01-05;https://www.legifrance.gouv.fr/jorf/id/JORFTEXT000000645912;;Décret publié;;681.0;;
2005-157;LOI n° 2005-157 du 23 février 2005 relative au développement des territoires ruraux;2005-02-23;True;;Article 23;Code rural, art L 611-4-2;;;False;Décret n° 2005-769 du 8/07/2005;2005-07-08;https://www.legifrance.gouv.fr/jorf/id/JORFTEXT000000633686;;Décret publié;;135.0;;
2005-157;LOI n° 2005-157 du 23 février 2005 relative au développement des territoires ruraux;2005-02-23;True;;Article 27;;;;False;Décret n° 2005-820 du 18/07/2005;2005-07-18;https://www.legifrance.gouv.fr/jorf/id/JORFTEXT000000263057;;Décret publié;;145.0;;
2005-157;LOI n° 2005-157 du 23 février 2005 relative au développement des territoires ruraux;2005-02-23;True;;Article 29;;;;False;Décret n° 2005-820 du 18/07/2005;2005-07-18;https://www.legifrance.gouv.fr/jorf/id/JORFTEXT000000263057;;Décret publié;;145.0;;
2005-157;LOI n° 2005-157 du 23 février 2005 relative au développement des territoires ruraux;2005-02-23;True;;Article 31;Code du travail, article L 632-1;;;False;Décret n° 2006-170 du 15/02/2006;2006-02-15;https://www.legifrance.gouv.fr/jorf/id/JORFTEXT000000261573;;Décret publié;;357.0;;
2005-157;LOI n° 2005-157 du 23 février 2005 relative au développement des territoires ruraux;2005-02-23;True;;Article 33;;;;False;Décret n° 2005-524 du 20/05/2005;2005-05-20;https://www.legifrance.gouv.fr/jorf/id/JORFTEXT000000258780;;Décret publié;;86.0;;
2005-157;LOI n° 2005-157 du 23 février 2005 relative au développement des territoires ruraux;2005-02-23;True;;Article 36;;;;False;Décret n°2007-755 du 09/05/2007;2007-05-09;https://www.legifrance.gouv.fr/jorf/id/JORFTEXT000000820836;;Décret publié;;805.0;;
2005-157;LOI n° 2005-157 du 23 février 2005 relative au développement des territoires ruraux;2005-02-23;True;;Article 37;;;;False;Décret n° 2005-1783 du 30/12/2005;2005-12-30;https://www.legifrance.gouv.fr/jorf/id/JORFTEXT000000811758;;Décret publié;;310.0;;
2005-157;LOI n° 2005-157 du 23 février 2005 relative au développement des territoires ruraux;2005-02-23;True;;Article 40;;;;False;Décret n°2005-1026 du 24/08/2005;2005-08-24;https://www.legifrance.gouv.fr/jorf/id/JORFTEXT000000631124;;Décret publié;;182.0;;
2005-157;LOI n° 2005-157 du 23 février 2005 relative au développement des territoires ruraux;2005-02-23;True;;Article 41;;;;False;Texte modifié par la loi d'orientation agricole n°2006-11 du 5/01/2006;;;;À examiner;;;;
2005-157;LOI n° 2005-157 du 23 février 2005 relative au développement des territoires ruraux;2005-02-23;True;;Article 42;;;;False;Décret n°2006-646 du 31/05/2006;2006-05-31;https://www.legifrance.gouv.fr/jorf/id/JORFTEXT000000243404;;Décret publié;;462.0;;
2005-157;LOI n° 2005-157 du 23 février 2005 relative au développement des territoires ruraux;2005-02-23;True;;Article 45;;;;False;Décret n° 2006-1045 du 24/08/2006;2006-08-24;https://www.legifrance.gouv.fr/jorf/id/JORFTEXT000000458816;;Décret publié;;547.0;;
2005-157;LOI n° 2005-157 du 23 février 2005 relative au développement des territoires ruraux;2005-02-23;True;;Article 47;;;;False;Décret n° 2007-58 du 11/01/2007;2007-01-11;https://www.legifrance.gouv.fr/jorf/id/JORFTEXT000000613346;;Décret publié;;687.0;;
2005-157;LOI n° 2005-157 du 23 février 2005 relative au développement des territoires ruraux;2005-02-23;True;;Article 49;;;;False;Décret n° 2006-423 du 10/04/2006;2006-04-10;https://www.legifrance.gouv.fr/jorf/id/JORFTEXT000000635124;;Décret publié;;411.0;;
2005-157;LOI n° 2005-157 du 23 février 2005 relative au développement des territoires ruraux;2005-02-23;True;;Article 55;;;;False;Décret n°2005-1214 du 21/09/2005;2005-09-21;https://www.legifrance.gouv.fr/jorf/id/JORFTEXT000000605407;;Décret publié;;210.0;;
2005-157;LOI n° 2005-157 du 23 février 2005 relative au développement des territoires ruraux;2005-02-23;True;;Article 59;;;;False;Décret n° 2006-409 du 6/04/2006;2006-04-06;https://www.legifrance.gouv.fr/jorf/id/JORFTEXT000000605439;;Décret publié;;407.0;;
2005-157;LOI n° 2005-157 du 23 février 2005 relative au développement des territoires ruraux;2005-02-23;True;;Article 64;;;;False;Décret n° 2006-756 du 28/06/2006;2006-06-28;https://www.legifrance.gouv.fr/jorf/id/JORFTEXT000000241054;;Décret publié;;490.0;;
2005-157;LOI n° 2005-157 du 23 février 2005 relative au développement des territoires ruraux;2005-02-23;True;;Article 68;;;;False;Décret n° 2006-1823 du 23/12/2006;2006-12-23;https://www.legifrance.gouv.fr/jorf/id/JORFTEXT000000821252;;Décret publié;;668.0;;
2005-157;LOI n° 2005-157 du 23 février 2005 relative au développement des territoires ruraux;2005-02-23;True;;Article 68;;;;False;Décret n° 2006-1826 du 23/12/2006;2006-12-23;https://www.legifrance.gouv.fr/jorf/id/JORFTEXT000000646640;;Décret publié;;668.0;;
2005-157;LOI n° 2005-157 du 23 février 2005 relative au développement des territoires ruraux;2005-02-23;True;;Article 71;Code rural , art L 717-2-1;;;False;Décret n° 2006-66 du 23/01/2006;2006-01-23;https://www.legifrance.gouv.fr/jorf/id/JORFTEXT000000816015;;Décret publié;;334.0;;
2005-157;LOI n° 2005-157 du 23 février 2005 relative au développement des territoires ruraux;2005-02-23;True;;Article 73 et 74;;;;False;Décret n° 2006-821 du 23/07/2006;2006-07-23;https://www.legifrance.gouv.fr/jorf/id/JORFTEXT000000460199;;Décret publié;;515.0;;
2005-157;LOI n° 2005-157 du 23 février 2005 relative au développement des territoires ruraux;2005-02-23;True;;Article 80, 83, 84, 85, 87, 89, 90, 91, 92(Nouvelle définition de l'aménagement foncier);;;;False;Décret n° 2006-394 du 30/03/2006;2006-03-30;https://www.legifrance.gouv.fr/jorf/id/JORFTEXT000000814025;;Décret publié;;400.0;;
2005-157;LOI n° 2005-157 du 23 février 2005 relative au développement des territoires ruraux;2005-02-23;True;;Article 85;Code rural, art L 121-16;;;False;Décret n° 2006-397 du 31/03/2006;2006-03-31;https://www.legifrance.gouv.fr/jorf/id/JORFTEXT000000268883;;Décret publié;;401.0;;
2005-157;LOI n° 2005-157 du 23 février 2005 relative au développement des territoires ruraux;2005-02-23;True;;Article 94Adaptation des associations foncières d'aménagement foncier;;;;False;Décret n° 2006-504 du 3/05/2006;2006-05-03;https://www.legifrance.gouv.fr/jorf/id/JORFTEXT000000637453;;Décret publié;;434.0;;
2005-157;LOI n° 2005-157 du 23 février 2005 relative au développement des territoires ruraux;2005-02-23;True;;Article 96;;;;False;Décret n° 2006-1345 du 6/11/2006;2006-11-06;https://www.legifrance.gouv.fr/jorf/id/JORFTEXT000000271109;;Décret publié;;621.0;;
2005-157;LOI n° 2005-157 du 23 février 2005 relative au développement des territoires ruraux;2005-02-23;True;;Article 107(Maisons des services publics);;;;False;Décret n° 2006-362 du 21/03/2006;2006-03-21;https://www.legifrance.gouv.fr/jorf/id/JORFTEXT000000454412;;Décret publié;;391.0;;
2005-157;LOI n° 2005-157 du 23 février 2005 relative au développement des territoires ruraux;2005-02-23;True;;Article 108<br/>(Installation des professionnels de santé);;;;False;Décret n° 2005-1724 du 30/12/2005;2005-12-30;https://www.legifrance.gouv.fr/jorf/id/JORFTEXT000000632151;;Décret publié;;310.0;;
2005-157;LOI n° 2005-157 du 23 février 2005 relative au développement des territoires ruraux;2005-02-23;True;;Article 108(Installation des professionnels de santé);;;;False;Décret n° 2005-1728 du 30/12/2005;2005-12-30;https://www.legifrance.gouv.fr/jorf/id/JORFTEXT000000264821;;Décret publié;;310.0;;
2005-157;LOI n° 2005-157 du 23 février 2005 relative au développement des territoires ruraux;2005-02-23;True;;Article 115;;;;False;Décret n° 2006-6 du 4/01/2006;2006-01-04;https://www.legifrance.gouv.fr/jorf/id/JORFTEXT000000264665;;Décret publié;;315.0;;
2005-157;LOI n° 2005-157 du 23 février 2005 relative au développement des territoires ruraux;2005-02-23;True;;Article 115;;;;False;Décret n° 2006-512 du 3/05/2006;2006-05-03;https://www.legifrance.gouv.fr/jorf/id/JORFTEXT000000634976;;Décret publié;;434.0;;
2005-157;LOI n° 2005-157 du 23 février 2005 relative au développement des territoires ruraux;2005-02-23;True;;Article 115;;;;False;Décret n° 2006-1364 du 9/11/2006;2006-11-09;https://www.legifrance.gouv.fr/jorf/id/JORFTEXT000000610777;;Décret publié;;624.0;;
2005-157;LOI n° 2005-157 du 23 février 2005 relative au développement des territoires ruraux;2005-02-23;True;;Article 115;;;;False;Décret n° 2007-311 du 05/03/2007;2007-03-05;https://www.legifrance.gouv.fr/jorf/id/JORFTEXT000000430525;;Décret publié;;740.0;;
2005-157;LOI n° 2005-157 du 23 février 2005 relative au développement des territoires ruraux;2005-02-23;True;;Article 116;;;;False;Décret n° 2006-177 du 17/02/2006;2006-02-17;https://www.legifrance.gouv.fr/jorf/id/JORFTEXT000000454801;;Décret publié;;359.0;;
2005-157;LOI n° 2005-157 du 23 février 2005 relative au développement des territoires ruraux;2005-02-23;True;;Article 116;;;;False;Décret n° 2006-178 du 17/02/2006;2006-02-17;https://www.legifrance.gouv.fr/jorf/id/JORFTEXT000000265065;;Décret publié;;359.0;;
2005-157;LOI n° 2005-157 du 23 février 2005 relative au développement des territoires ruraux;2005-02-23;True;;Article 116;;;;False;Décret n° 2006-180 du 17/02/2006;2006-02-17;https://www.legifrance.gouv.fr/jorf/id/JORFTEXT000000634698;;Décret publié;;359.0;;
2005-157;LOI n° 2005-157 du 23 février 2005 relative au développement des territoires ruraux;2005-02-23;True;;Article 127;;;;False;Décret n° 2007-135 du 30/01/2007;2007-01-30;https://www.legifrance.gouv.fr/jorf/id/JORFTEXT000000464284;;Décret publié;;706.0;;
2005-157;LOI n° 2005-157 du 23 février 2005 relative au développement des territoires ruraux;2005-02-23;True;;Article 128 I;;;;False;Décret n° 2007-882 du 14/05/2007;2007-05-14;https://www.legifrance.gouv.fr/jorf/id/JORFTEXT000000821509;;Décret publié;;810.0;;
2005-157;LOI n° 2005-157 du 23 février 2005 relative au développement des territoires ruraux;2005-02-23;True;;Article 137;;;;False;Décret n° 2007-511 du 3/04/2007;2007-04-03;https://www.legifrance.gouv.fr/jorf/id/JORFTEXT000000647477;;Décret publié;;769.0;;
2005-157;LOI n° 2005-157 du 23 février 2005 relative au développement des territoires ruraux;2005-02-23;True;;Article 143, 144, 145;;;;False;Décret n° 2006-922 du 26/07/2006;2006-07-26;https://www.legifrance.gouv.fr/jorf/id/JORFTEXT000000789048;;Décret publié;;518.0;;
2005-157;LOI n° 2005-157 du 23 février 2005 relative au développement des territoires ruraux;2005-02-23;True;;Article 160;;;;False;Décret n° 2005-1238 du 30/09/2005;2005-09-30;https://www.legifrance.gouv.fr/jorf/id/JORFTEXT000000449493;;Décret publié;;219.0;;
2005-157;LOI n° 2005-157 du 23 février 2005 relative au développement des territoires ruraux;2005-02-23;True;;Article 164;;;;False;Décret n° 2006-1432 du 22/11/2006;2006-11-22;https://www.legifrance.gouv.fr/jorf/id/JORFTEXT000000646606;;Décret publié;;637.0;;
2005-157;LOI n° 2005-157 du 23 février 2005 relative au développement des territoires ruraux;2005-02-23;True;;Article 165<br/>(Permis de chasser et licence de chasse);;;;False;Décret n° 2006-913 du 24/07/2006;2006-07-24;https://www.legifrance.gouv.fr/jorf/id/JORFTEXT000000458570;;Décret publié;;516.0;;
2005-157;LOI n° 2005-157 du 23 février 2005 relative au développement des territoires ruraux;2005-02-23;True;;Article 166 I;;;;False;;;;;Aucune mention;;;;
2005-157;LOI n° 2005-157 du 23 février 2005 relative au développement des territoires ruraux;2005-02-23;True;;Article 167 I;;;;False;;;;;Aucune mention;;;;
2005-157;LOI n° 2005-157 du 23 février 2005 relative au développement des territoires ruraux;2005-02-23;True;;Article 167 IVCommercialisation et transport du gibier;;;;False;Décret n° 2006-767 du 29/06/2006;2006-06-29;https://www.legifrance.gouv.fr/jorf/id/JORFTEXT000000788839;;Décret publié;;491.0;;
2005-157;LOI n° 2005-157 du 23 février 2005 relative au développement des territoires ruraux;2005-02-23;True;;Article 168 IX;Code de l'environnement, art L 425-6 à L 425-13;;;False;Décret n° 2008-259 du 14/03/2008;2008-03-14;https://www.legifrance.gouv.fr/jorf/id/JORFTEXT000018333540;;Décret publié;;1115.0;;
2005-157;LOI n° 2005-157 du 23 février 2005 relative au développement des territoires ruraux;2005-02-23;True;;Articles 172 et 175;;;;False;Décret n° 2006-1097 du 30/08/2006;2006-08-30;https://www.legifrance.gouv.fr/jorf/id/JORFTEXT000000458636;;Décret publié;;553.0;;
2005-157;LOI n° 2005-157 du 23 février 2005 relative au développement des territoires ruraux;2005-02-23;True;;Article 176, 177;;;;False;Décret n° 2006-1100 du 31/08/2006;2006-08-31;https://www.legifrance.gouv.fr/jorf/id/JORFTEXT000000267769;;Décret publié;;554.0;;
2005-157;LOI n° 2005-157 du 23 février 2005 relative au développement des territoires ruraux;2005-02-23;True;;Article 179 IV;;;;False;Décret n° 2005-1565 du 14/12/2005 (Intérieur);2005-12-14;https://www.legifrance.gouv.fr/jorf/id/JORFTEXT000000266078;;Décret publié;;294.0;;
2005-157;LOI n° 2005-157 du 23 février 2005 relative au développement des territoires ruraux;2005-02-23;True;;Article 187;;;;False;Décret n° 2006-993 du 1/08/2006;2006-08-01;https://www.legifrance.gouv.fr/jorf/id/JORFTEXT000000457882;;Décret publié;;524.0;;
2005-157;LOI n° 2005-157 du 23 février 2005 relative au développement des territoires ruraux;2005-02-23;True;;Article 190(Unités touristiques nouvelles);;;;False;Décret n° 2006-1683 du 22/12/2006;2006-12-22;https://www.legifrance.gouv.fr/jorf/id/JORFTEXT000000615530;;Décret publié;;667.0;;
2005-157;LOI n° 2005-157 du 23 février 2005 relative au développement des territoires ruraux;2005-02-23;True;;Article 203;;;;False;Texte modifié par la loi d'orientation agricole n°2006-11 du 5/01/2006 - décret plus nécessaire;;;;À examiner;;;;
2005-157;LOI n° 2005-157 du 23 février 2005 relative au développement des territoires ruraux;2005-02-23;True;;Article 209;Code rural, art L 810-1;;;False;Décret n° 2006-51 du 13/01/2006;2006-01-13;https://www.legifrance.gouv.fr/jorf/id/JORFTEXT000000608758;;Décret publié;;324.0;;
2005-157;LOI n° 2005-157 du 23 février 2005 relative au développement des territoires ruraux;2005-02-23;True;;Article 220;;;;False;Texte modifié par la loi d'orientation agricole n°2006-11 du 5/01/2006 - décret plus nécessaire;;;;À examiner;;;;
2005-157;LOI n° 2005-157 du 23 février 2005 relative au développement des territoires ruraux;2005-02-23;True;;Article 222;;;;False;Décret n° 2006-312 du 13/03/2006;2006-03-13;https://www.legifrance.gouv.fr/jorf/id/JORFTEXT000000814725;;Décret publié;;383.0;;
2005-157;LOI n° 2005-157 du 23 février 2005 relative au développement des territoires ruraux;2005-02-23;True;;Article 222;;;;False;Décret n° 2005-1219 du 28/09/2005;2005-09-28;https://www.legifrance.gouv.fr/jorf/id/JORFTEXT000000263664;;Décret publié;;217.0;;
2005-157;LOI n° 2005-157 du 23 février 2005 relative au développement des territoires ruraux;2005-02-23;True;;Article 222;;;;False;Décret n° 2005-1220 du 28/09/2005;2005-09-28;https://www.legifrance.gouv.fr/jorf/id/JORFTEXT000000810799;;Décret publié;;217.0;;
2005-157;LOI n° 2005-157 du 23 février 2005 relative au développement des territoires ruraux;2005-02-23;True;;Article 224;;;;False;Décret n° 2006-1230 du 06/10/2006;2006-10-06;https://www.legifrance.gouv.fr/jorf/id/JORFTEXT000000241431;;Décret publié;;590.0;;
2005-157;LOI n° 2005-157 du 23 février 2005 relative au développement des territoires ruraux;2005-02-23;True;;Article 225;Code forestier, article L 221-10;;;False;Décret n° 2005-1446 du 23/11/2005;2005-11-23;https://www.legifrance.gouv.fr/jorf/id/JORFTEXT000000454973;;Décret publié;;273.0;;
2005-157;LOI n° 2005-157 du 23 février 2005 relative au développement des territoires ruraux;2005-02-23;True;;Article 227 III;Code forestier, article L 134-7;;;False;Décret n° 2005-1445 du 23/11/2005;2005-11-23;https://www.legifrance.gouv.fr/jorf/id/JORFTEXT000000634269;;Décret publié;;273.0;;
2005-157;LOI n° 2005-157 du 23 février 2005 relative au développement des territoires ruraux;2005-02-23;True;;Article 228;Code forestier, article L 114-1-1;;;False;Décret n° 2005-1447 du 23/11/2005;2005-11-23;https://www.legifrance.gouv.fr/jorf/id/JORFTEXT000000815578;;Décret publié;;273.0;;
2005-157;LOI n° 2005-157 du 23 février 2005 relative au développement des territoires ruraux;2005-02-23;True;;Article 230(Domaine nationale de Chambord);;;;False;Décret n° 2005-703 du 24/06/2005;2005-06-24;https://www.legifrance.gouv.fr/jorf/id/JORFTEXT000000448922;;Décret publié;;121.0;;
2005-157;LOI n° 2005-157 du 23 février 2005 relative au développement des territoires ruraux;2005-02-23;True;;Article 231;Code rural, art L 244-1;;;False;Décret n° 2005-1456 du 21/11/2005;2005-11-21;https://www.legifrance.gouv.fr/jorf/id/JORFTEXT000000816131;;Décret publié;;271.0;;
2005-157;LOI n° 2005-157 du 23 février 2005 relative au développement des territoires ruraux;2005-02-23;True;;Article 233<br/>Agence française d'information et de communication agricole et rurale;;;;False;Décret n° 2006-95 du 1/02/2006;2006-02-01;https://www.legifrance.gouv.fr/jorf/id/JORFTEXT000000456992;;Décret publié;;343.0;;
2005-157;LOI n° 2005-157 du 23 février 2005 relative au développement des territoires ruraux;2005-02-23;True;;Article 234;;;;False;Texte modifié par la loi d'orientation agricole n°2006-11 du 5/01/2006;;;;À examiner;;;;
2005-157;LOI n° 2005-157 du 23 février 2005 relative au développement des territoires ruraux;2005-02-23;True;;Article 235 I;;;;False;Décret n° 2005-1426 du 18/11/2005;2005-11-18;https://www.legifrance.gouv.fr/jorf/id/JORFTEXT000000635594;;Décret publié;;268.0;;
2005-157;LOI n° 2005-157 du 23 février 2005 relative au développement des territoires ruraux;2005-02-23;True;;Article 235 V;Code de l'urbanisme, art L 122-8-1;;;False;Décret n° 2007-1586 du 8/11/2007;2007-11-08;https://www.legifrance.gouv.fr/jorf/id/JORFTEXT000000824952;;Décret publié;;988.0;;
2005-157;LOI n° 2005-157 du 23 février 2005 relative au développement des territoires ruraux;2005-02-23;True;;Article 235 XII;Code de l'environnement, art L. 341-16;;;False;Décret n° 2006-665 du 7/06/2006;2006-06-07;https://www.legifrance.gouv.fr/jorf/id/JORFTEXT000000639701;;Décret publié;;469.0;;
2005-157;LOI n° 2005-157 du 23 février 2005 relative au développement des territoires ruraux;2005-02-23;True;;Article 235 XI;Code de l'urbanisme, art L 146-4;;;False;;;;;Aucune mention;;;;
2005-157;LOI n° 2005-157 du 23 février 2005 relative au développement des territoires ruraux;2005-02-23;True;;Article 236;;;;False;Décret n° 2008-1308 du 11/12/2008;2008-12-11;https://www.legifrance.gouv.fr/jorf/id/JORFTEXT000019917154;;Décret publié;;1387.0;;
2003-1188;Ordonnance n° 2003-1188 du 11 décembre 2003 relative à certaines modalités d'adjudication du droit de chasse;2003-12-11;False;;Article 1;;;;True;Décret n° 2003-1189 du 11/12/2003;2003-12-11;https://www.legifrance.gouv.fr/jorf/id/JORFTEXT000000798917;;Décret publié;;0.0;;
2003-698;LOI n° 2003-698 du 30 juillet 2003 relative à la chasse;2003-07-30;False;;Article 5;;;;True;Décret n°2003-1112 du 24/11/2003;2003-11-24;https://www.legifrance.gouv.fr/jorf/id/JORFTEXT000000426759;;Décret publié;;117.0;;
2003-698;LOI n° 2003-698 du 30 juillet 2003 relative à la chasse;2003-07-30;False;;Article 23;Code de l'environnement, art. L.421-19;;;True;Décret n° 2003-1157 du 4 décembre 2003;2003-12-04;https://www.legifrance.gouv.fr/jorf/id/JORFTEXT000000798903;;Décret publié;;127.0;;
2003-698;LOI n° 2003-698 du 30 juillet 2003 relative à la chasse;2003-07-30;False;;Article 24;Code de l'environnement, art. L.422-21;;;True;Décret n°2003-867 du 05/09/03et;2003-09-05;https://www.legifrance.gouv.fr/jorf/id/JORFTEXT000000415721;;Décret publié;;37.0;;
2003-698;LOI n° 2003-698 du 30 juillet 2003 relative à la chasse;2003-07-30;False;;Article 24;Code de l'environnement, art. L.422-21;;;True;Décret n° 2004-462;;https://www.legifrance.gouv.fr/jorf/id/JORFTEXT000000618792;;Décret publié;;;;
2003-698;LOI n° 2003-698 du 30 juillet 2003 relative à la chasse;2003-07-30;False;;Article 19, 25;;;;True;Décret devenu sans objet en raison des modifications apportées par l'article 166 de la loi n°2005-157 du 23/02/2005 territoires ruraux;;;;Sans objet;;;;
2003-698;LOI n° 2003-698 du 30 juillet 2003 relative à la chasse;2003-07-30;False;;Articles 28, 29 et 31;;;;True;Décret n°2005-692 du 22/06/2005;2005-06-22;https://www.legifrance.gouv.fr/jorf/id/JORFTEXT000000261241;;Décret publié;;693.0;;
2003-698;LOI n° 2003-698 du 30 juillet 2003 relative à la chasse;2003-07-30;False;;Article 32;Code de l'environnement, art. L.425-5;;;True;Voir le décret n°2002-692 du 22/06/2002 pris en application de la loi chasse de 2000 ne nécessitant pas de modification suite à la loi de 2003;;;;Appliquée par un texte existant;;;;
2003-698;LOI n° 2003-698 du 30 juillet 2003 relative à la chasse;2003-07-30;False;;Article 33(Chasse de nuit du sanglier);;;;True;Décret n°2003-878 du 4/09/2003;2003-09-04;https://www.legifrance.gouv.fr/jorf/id/JORFTEXT000000601327;;Décret publié;;36.0;;
