loi_numero;loi_titre;type;promulgation;citee_dans_questions;mesures;loi_entierement_animale;echeancier_present;role;proposition_non_adoptee;echeancier_mis_a_jour;lien_legifrance
2025-237;LOI n° 2025-237 du 14 mars 2025 visant à endiguer la prolifération du frelon asiatique et à préserver la filière apicole;LOI_PUBLIEE;2025-03-14;True;0;True;False;Texte lié;False;;https://www.legifrance.gouv.fr/jorf/id/JORFTEXT000051329052
2021-1539;LOI n° 2021-1539 du 30 novembre 2021 visant à lutter contre la maltraitance animale et conforter le lien entre les animaux et les hommes;LOI_PUBLIEE;2021-11-30;True;14;True;True;Loi suivie;False;2023-07-20;https://www.legifrance.gouv.fr/jorf/id/JORFTEXT000044387560
2021-1370;Ordonnance n° 2021-1370 du 20 octobre 2021 relative aux mesures de surveillance, de prévention et de lutte contre les maladies animales transmissibles;ORDONNANCE_PUBLIEE;2021-10-20;False;0;False;False;Texte lié;False;;https://www.legifrance.gouv.fr/jorf/id/JORFTEXT000044229368
2021-1370;Projet de loi ratifiant l’ordonnance n° 2021-1370 du 20 octobre 2021 relative aux mesures de surveillance, de prévention et de lutte contre les maladies animales transmissibles (AGRG2135240L);PROJET_LOI;2021-10-20;False;0;False;False;Texte lié;False;;https://www.legifrance.gouv.fr/jorf/id/
2021-485;Projet de loi ratifiant l’ordonnance n° 2021-485 du 21 avril 2021 relative à la reproduction, à l’amélioration et à la préservation du patrimoine génétique des animaux d’élevage (AGRS2117895L);PROJET_LOI;2021-04-21;False;0;True;False;Texte lié;False;;https://www.legifrance.gouv.fr/jorf/id/
2021-485;Ordonnance n° 2021-485 du 21 avril 2021 relative à la reproduction, à l'amélioration et à la préservation du patrimoine génétique des animaux d'élevage;ORDONNANCE_PUBLIEE;2021-04-21;False;0;True;False;Texte lié;False;;https://www.legifrance.gouv.fr/jorf/id/JORFTEXT000043403863
2019-773;LOI n° 2019-773 du 24 juillet 2019 portant création de l'Office français de la biodiversité, modifiant les missions des fédérations des chasseurs et renforçant la police de l'environnement;LOI_PUBLIEE;2019-07-24;False;23;True;True;Loi suivie;False;2022-11-15;https://www.legifrance.gouv.fr/jorf/id/JORFTEXT000038821234
2018-938;Proposition de loi modifiant la loi n° 2018-938 du 30 octobre 2018 pour l'équilibre des relations commerciales dans le secteur agricole et alimentaire et une alimentation saine, durable et accessible à tous afin de préserver l'activité des entreprises alimentaires françaises;PROPOSITION_LOI;2018-10-30;True;0;False;False;Texte lié;True;;https://www.legifrance.gouv.fr/jorf/id/
2018-938;LOI n° 2018-938 du 30 octobre 2018 pour l'équilibre des relations commerciales dans le secteur agricole et alimentaire et une alimentation saine, durable et accessible à tous;LOI_PUBLIEE;2018-10-30;True;32;False;True;Loi suivie;False;2023-01-17;https://www.legifrance.gouv.fr/jorf/id/JORFTEXT000037547946
2016-1087;LOI n° 2016-1087 du 8 août 2016 pour la reconquête de la biodiversité, de la nature et des paysages;LOI_PUBLIEE;2016-08-08;True;34;False;True;Loi suivie;False;2017-08-08;https://www.legifrance.gouv.fr/jorf/id/JORFTEXT000033016237
2015-1242;Ordonnance n° 2015-1242 du 7 octobre 2015 relative à l'organisation de la surveillance en matière de santé animale, de santé végétale et d'alimentation;ORDONNANCE_PUBLIEE;2015-10-07;False;0;True;False;Texte lié;False;;https://www.legifrance.gouv.fr/jorf/id/JORFTEXT000031279232
2015-1243;Ordonnance n° 2015-1243 du 7 octobre 2015 relative au commerce et à la protection des animaux de compagnie;ORDONNANCE_PUBLIEE;2015-10-07;False;0;True;False;Texte lié;False;;https://www.legifrance.gouv.fr/jorf/id/JORFTEXT000031279297
2015-177;LOI n° 2015-177 du 16 février 2015 relative à la modernisation et à la simplification du droit et des procédures dans les domaines de la justice et des affaires intérieures;LOI_PUBLIEE;2015-02-16;True;11;False;True;Loi suivie;False;2017-03-06;https://www.legifrance.gouv.fr/jorf/id/JORFTEXT000030248562
2012-10;Projet de loi ratifiant l'ordonnance n° 2012-10 du 5 janvier 2012 relative à la protection des animaux d'espèces non domestiques non tenus en captivité utilisés à des fins scientifiques (DEVK1207617L);PROJET_LOI;2012-01-05;False;0;True;False;Texte lié;False;;https://www.legifrance.gouv.fr/jorf/id/
2012-10;Ordonnance n° 2012-10 du 5 janvier 2012 relative à la protection des animaux d'espèces non domestiques non tenus en captivité utilisés à des fins scientifiques;ORDONNANCE_PUBLIEE;2012-01-05;False;0;True;False;Texte lié;False;;https://www.legifrance.gouv.fr/jorf/id/JORFTEXT000025105064
2011-862;Ordonnance n° 2011-862 du 22 juillet 2011 relative à l'organisation de l'épidémiosurveillance, de la prévention et de la lutte contre les maladies animales et végétales et aux conditions de délégation de certaines tâches liées aux contrôles sanitaires et phytosanitaires;ORDONNANCE_PUBLIEE;2011-07-22;False;0;False;False;Texte lié;False;;https://www.legifrance.gouv.fr/jorf/id/JORFTEXT000024388376
2011-862;Projet de loi ratifiant l’ordonnance n° 2011-862 du 22 juillet 2011 relative à l'organisation de l'épidémiosurveillance, de la prévention et de la lutte contre les maladies animales et végétales et aux conditions de délégation de certaines tâches liées aux contrôles sanitaires et phytosanitaires (AGRS1126032L);PROJET_LOI;2011-07-22;False;0;False;False;Texte lié;False;;https://www.legifrance.gouv.fr/jorf/id/
2008-1545;Loi n° 2008-1545 du 31 décembre 2008 pour l'amélioration et la simplification du droit de la chasse;LOI_PUBLIEE;2008-12-31;True;1;True;True;Loi suivie;False;2010-07-01;https://www.legifrance.gouv.fr/jorf/id/JORFTEXT000020020269
2008-811;Ordonnance n° 2008-811 du 22 août 2008 relative aux contrôles de conformité portant sur les aliments pour animaux, les denrées alimentaires d'origine non animale et les fruits et légumes frais, en provenance des pays tiers à la Communauté européenne;ORDONNANCE_PUBLIEE;2008-08-22;False;0;True;False;Texte lié;False;;https://www.legifrance.gouv.fr/jorf/id/JORFTEXT000019354199
2008-527;Ordonnance n° 2008-527 du 5 juin 2008 relative à la mise en œuvre en Polynésie française et dans les îles Wallis et Futuna de la convention sur le commerce international des espèces de faune et de flore sauvages menacées d'extinction du 3 mars 1973;ORDONNANCE_PUBLIEE;2008-06-05;False;0;True;False;Texte lié;False;;https://www.legifrance.gouv.fr/jorf/id/JORFTEXT000018926533
2006-1548;Ordonnance n° 2006-1548 du 7 décembre 2006 relative à l'identification, au contrôle sanitaire des activités de reproduction, ainsi qu'à l'amélioration génétique des animaux d'élevage;ORDONNANCE_PUBLIEE;2006-12-07;False;0;True;False;Texte lié;False;;https://www.legifrance.gouv.fr/jorf/id/JORFTEXT000000641179
2005-157;LOI n° 2005-157 du 23 février 2005 relative au développement des territoires ruraux;LOI_PUBLIEE;2005-02-23;True;75;False;True;Loi suivie;False;;https://www.legifrance.gouv.fr/jorf/id/JORFTEXT000000257340
2003-1188;Ordonnance n° 2003-1188 du 11 décembre 2003 relative à certaines modalités d'adjudication du droit de chasse;ORDONNANCE_PUBLIEE;2003-12-11;False;1;True;True;Texte lié;False;;https://www.legifrance.gouv.fr/jorf/id/JORFTEXT000000246802
2003-698;LOI n° 2003-698 du 30 juillet 2003 relative à la chasse;LOI_PUBLIEE;2003-07-30;False;8;True;True;Loi suivie;False;;https://www.legifrance.gouv.fr/jorf/id/JORFTEXT000000604334
;Proposition de loi relative au respect de l'animal en abattoir;PROPOSITION_LOI;;False;0;True;False;Texte lié;True;;https://www.legifrance.gouv.fr/jorf/id/
;Proposition de loi visant à moderniser le droit de la chasse (caduque);PROPOSITION_LOI;;False;0;True;False;Texte lié;True;;https://www.legifrance.gouv.fr/jorf/id/
