legislature;mois;questions_toutes_rubriques
14;2012-07;2435
14;2012-08;1064
14;2012-09;2052
14;2012-10;3299
14;2012-11;3350
14;2012-12;2578
14;2013-01;2223
14;2013-02;2900
14;2013-03;2651
14;2013-04;3366
14;2013-05;2013
14;2013-06;2802
14;2013-07;4482
14;2013-08;1268
14;2013-09;2032
14;2013-10;2776
14;2013-11;2696
14;2013-12;3329
14;2014-01;1140
14;2014-02;2451
14;2014-03;2004
14;2014-04;1902
14;2014-05;1591
14;2014-06;1860
14;2014-07;4047
14;2014-08;1044
14;2014-09;2066
14;2014-10;2413
14;2014-11;2284
14;2014-12;2105
14;2015-01;964
14;2015-02;1684
14;2015-03;2413
14;2015-04;1636
14;2015-05;1365
14;2015-06;3730
14;2015-07;2208
14;2015-08;1386
14;2015-09;1992
14;2015-10;1061
14;2015-11;686
14;2015-12;941
14;2016-01;453
14;2016-02;823
14;2016-03;1024
14;2016-04;797
14;2016-05;865
14;2016-06;888
14;2016-07;1071
14;2016-08;433
14;2016-09;738
14;2016-10;882
14;2016-11;767
14;2016-12;759
14;2017-01;535
14;2017-02;871
14;2017-03;461
14;2017-04;295
14;2017-05;129
14;2017-06;63
15;2017-07;275
15;2017-08;561
15;2017-09;608
15;2017-10;1160
15;2017-11;785
15;2017-12;917
15;2018-01;707
15;2018-02;1007
15;2018-03;949
15;2018-04;933
15;2018-05;923
15;2018-06;1183
15;2018-07;1446
15;2018-08;422
15;2018-09;635
15;2018-10;1348
15;2018-11;820
15;2018-12;941
15;2019-01;820
15;2019-02;993
15;2019-03;801
15;2019-04;1050
15;2019-05;773
15;2019-06;845
15;2019-07;1277
15;2019-08;355
15;2019-09;596
15;2019-10;1019
15;2019-11;694
15;2019-12;826
15;2020-01;536
15;2020-02;816
15;2020-03;933
15;2020-04;1103
15;2020-05;848
15;2020-06;966
15;2020-07;660
15;2020-08;412
15;2020-09;721
15;2020-10;803
15;2020-11;863
15;2020-12;1054
15;2021-01;497
15;2021-02;855
15;2021-03;1055
15;2021-04;793
15;2021-05;605
15;2021-06;695
15;2021-07;600
15;2021-08;367
15;2021-09;626
15;2021-10;748
15;2021-11;651
15;2021-12;502
15;2022-01;464
15;2022-02;647
15;2022-03;606
15;2022-04;297
15;2022-05;210
15;2022-06;63
16;2022-07;395
16;2022-08;589
16;2022-09;688
16;2022-10;962
16;2022-11;1027
16;2022-12;837
16;2023-01;725
16;2023-02;811
16;2023-03;801
16;2023-04;782
16;2023-05;907
16;2023-06;964
16;2023-07;1016
16;2023-08;513
16;2023-09;643
16;2023-10;974
16;2023-11;723
16;2023-12;809
16;2024-01;616
16;2024-02;976
16;2024-03;878
16;2024-04;891
16;2024-05;705
16;2024-06;478
17;2024-10;1597
17;2024-11;800
17;2024-12;615
17;2025-01;605
17;2025-02;990
17;2025-03;838
17;2025-04;918
17;2025-05;773
17;2025-06;751
17;2025-07;1289
17;2025-08;280
17;2025-09;560
17;2025-10;646
17;2025-11;569
17;2025-12;877
17;2026-01;424
17;2026-02;695
17;2026-03;785
17;2026-04;772
17;2026-05;728
17;2026-06;1064
17;2026-07;882
17;2026-08;362
17;2026-09;584
